기준일자 , 자치구,시간대,연령대 ,생활인구수
2026-04-15,강북구,07,30대,3287
2026-04-15,구로구,15,10대,4515
2026-04-15,동대문구,14,40대,2546
2026-04-15,광진구,02,60대이상,1150
2026-04-15,서초구,13,20대,2456
2026-04-15,서대문구,05,20대,462
2026-04-15,서대문구,02,60대이상,462
2026-04-15,용산구,17,40대,3547
2026-04-15,강남구,15,30대,9016
2026-04-15,서초구,06,30대,1453
2026-04-15,강서구,19,50대,2118
2026-04-15,중랑구,08,60대이상,4396
2026-04-15,성북구,10,40대,3838
2026-04-15,중구,11,20대,4276
2026-04-15,은평구,05,40대,754
2026-04-15,서초구,08,50대,2837
2026-04-15,송파구,20,40대,8570
2026-04-15,성동구,18,30대,5296
2026-04-15,성북구,19,30대,5709
2026-04-15,도봉구,03,40대,627
2026-04-15,종로구,19,30대,"3,909"
2026-04-15,관악구,12,10대,7268
2026-04-15,도봉구,12,30대,2224
2026-04-15,마포구,15,50대,4646
2026-04-15,동작구,16,50대,1966
2026-04-15,중랑구,11,30대,4399
2026-04-15,성북구,11,10대,5037
2026-04-15,강북구,05,10대,748
2026-04-15,용산구,21,50대,2655
2026-04-15,강남구,04,60대이상,4774
2026-04-15,중랑구,10,50대,5790
2026-04-15,광진구,02,10대,1422
2026-04-15,양천구,12,20대,4453
2026-04-15,광진구,12,40대,3082
2026-04-15,양천구,16,50대,4183
2026-04-15,노원구,15,20대,3470
2026-04-15,은평구,09,40대,4186
2026-04-15,강동구,18,40대,3317
2026-04-15,도봉구,09,40대,1980
2026-04-15,성동구,17,20대,4332
2026-04-15,중구,10,10대,"3,552"
2026-04-15,종로구,11,20대,3374
2026-04-15,구로구,08,30대,"3,780"
2026-04-15,강서구,14,50대,"2,580"
2026-04-15,양천구,14,10대,4727
2026-04-15,강동구,23,60대이상,1652
2026-04-15,노원구,12,20대,3889
2026-04-15,성북구,16,60대이상,4878
2026-04-15,성북구,21,10대,3057
2026-04-15,동대문구,10,60대이상,2453
2026-04-15,영등포구,13,10대,7177
2026-04-15,광진구,06,10대,2047
2026-04-15,광진구,15,40대,2546
2026-04-15,서대문구,15,30대,2508
2026-04-15,용산구,15,40대,5394
2026-04-15,광진구,08,50대,3140
2026-04-15,동대문구,22,30대,"1,931"
2026-04-15,구로구,06,20대,2223
2026-04-15,강북구,01,60대이상,769
2026-04-15,양천구,05,20대,875
2026-04-15,강서구,18,50대,2427
2026-04-15,도봉구,18,40대,"2,988"
2026-04-15,마포구,16,30대,5404
2026-04-15,양천구,12,60대이상,4188
2026-04-15,강동구,21,40대,1488
2026-04-15,중구,23,10대,2401
2026-04-15,강북구,08,20대,
2026-04-15,서초구,17,60대이상,2906
2026-04-15,강동구,21,10대,"2,074"
2026-04-15,성북구,13,20대,3968
2026-04-15,송파구,18,50대,8842
2026-04-15,관악구,23,20대,4821
2026-04-15,강동구,02,60대이상,750
2026-04-15,서대문구,03,60대이상,488
2026-04-15,광진구,10,50대,3616
2026-04-15,강남구,01,60대이상,4834
2026-04-15,중구,08,20대,5232
2026-04-15,성북구,09,20대,
2026-04-15,강동구,11,60대이상,"2,358"
2026-04-15,성동구,01,30대,981
2026-04-15,양천구,22,20대,3120
2026-04-15,중랑구,12,20대,4468
2026-04-15,금천구,15,40대,3523
2026-04-15,강북구,09,50대,-
2026-04-15,강서구,04,50대,-417
2026-04-15,강남구,13,60대이상,10278
2026-04-15,마포구,00,30대,3310
2026-04-15,종로구,08,20대,5072
2026-04-15,동작구,00,40대,388
2026-04-15,노원구,01,30대,-
2026-04-15,강서구,22,10대,1378
2026-04-15,강남구,03,20대,4315
2026-04-15,동작구,09,20대,2221
2026-04-15,성동구,03,10대,1280
2026-04-15,서초구,16,50대,"2,366"
2026-04-15,강남구,10,30대,11623
2026-04-15,송파구,04,10대,1945
2026-04-15,중구,08,40대,3862
2026-04-15,중구,02,60대이상,1394
2026-04-15,서대문구,08,40대,2831
2026-04-15,강동구,05,50대,731
2026-04-15,강북구,02,50대,713
2026-04-15,동작구,00,10대,476
2026-04-15,강북구,22,50대,1692
2026-04-15,성동구,07,10대,5734
2026-04-15,성동구,14,50대,4531
2026-04-15,마포구,10,30대,6184
2026-04-15,양천구,15,60대이상,
2026-04-15,성동구,07,20대,3698
2026-04-15,마포구,21,40대,3248
2026-04-15,은평구,15,10대,3144
2026-04-15,광진구,04,20대,1238
2026-04-15,종로구,08,60대이상,5565
2026-04-15,중랑구,20,60대이상,3654
2026-04-15,용산구,19,20대,4623
2026-04-15,중구,18,50대,"3,915"
2026-04-15,성동구,19,50대,5871
2026-04-15,마포구,20,40대,6244
2026-04-15,은평구,20,10대,3371
2026-04-15,중랑구,18,60대이상,4271
2026-04-15,성북구,17,60대이상,3595
2026-04-15,용산구,17,20대,5336
2026-04-15,강서구,18,20대,-1714
2026-04-15,노원구,13,20대,5417
2026-04-15,광진구,20,30대,-
2026-04-15,노원구,18,50대,4936
2026-04-15,양천구,13,10대,4614
2026-04-15,동작구,05,30대,529
2026-04-15,구로구,21,10대,3112
2026-04-15,중구,04,60대이상,
2026-04-15,광진구,20,10대,"2,791"
2026-04-15,성북구,05,20대,917
2026-04-15,구로구,02,10대,871
2026-04-15,성북구,16,40대,3795
2026-04-15,용산구,21,30대,2832
2026-04-15,동대문구,05,60대이상,778
2026-04-15,도봉구,12,10대,-
2026-04-15,서대문구,02,50대,644
2026-04-15,서초구,09,40대,2338
2026-04-15,강동구,19,40대,3324
2026-04-15,성북구,00,40대,1264
2026-04-15,은평구,16,10대,3594
2026-04-15,영등포구,13,60대이상,6629
2026-04-15,동대문구,03,30대,599000
2026-04-15,관악구,12,10대,7268
2026-04-15,성북구,04,60대이상,913
2026-04-15,관악구,21,20대,3836
2026-04-15,구로구,13,60대이상,3651
2026-04-15,중구,14,10대,3838
2026-04-15,강동구,17,10대,3609
2026-04-15,동대문구,15,10대,2918
2026-04-15,동대문구,11,50대,3116
2026-04-15,성동구,16,10대,3644
2026-04-15,강동구,22,20대,1593
2026-04-15,강서구,15,60대이상,2698
2026-04-15,강북구,23,40대,1794
2026-04-15,성동구,08,30대,3763
2026-04-15,강서구,10,60대이상,1823
2026-04-15,관악구,02,40대,1342
2026-04-15,강북구,05,40대,744
2026-04-15,동작구,18,30대,2065
2026-04-15,마포구,19,40대,"6,187"
2026-04-15,강동구,00,20대,649
2026-04-15,송파구,07,10대,5924
2026-04-15,관악구,00,20대,1435
2026-04-15,양천구,23,50대,2567
2026-04-15,강남구,23,20대,
2026-04-15,영등포구,22,10대,2924
2026-04-15,강동구,07,40대,3712
2026-04-15,강서구,04,20대,383
2026-04-15,용산구,10,50대,3931
2026-04-15,동대문구,23,10대,1914
2026-04-15,구로구,09,20대,4558
2026-04-15,성동구,00,40대,"1,120"
2026-04-15,서초구,19,60대이상,1810
2026-04-15,강남구,03,10대,5805
2026-04-15,동대문구,15,30대,2877
2026-04-15,은평구,02,60대이상,969
2026-04-15,마포구,16,60대이상,"4,817"
2026-04-15,강동구,20,10대,3207
2026-04-15,성동구,01,40대,1271
2026-04-15,양천구,02,10대,-
2026-04-15,영등포구,01,50대,2507
2026-04-15,동작구,07,30대,2105
2026-04-15,성동구,17,40대,
2026-04-15,동작구,14,40대,2239
2026-04-15,동작구,20,20대,2472
2026-04-15,구로구,19,60대이상,4231
2026-04-15,송파구,01,10대,-
2026-04-15,광진구,11,50대,2947
2026-04-15,송파구,06,20대,"4,121"
2026-04-15,광진구,01,10대,1162
2026-04-15,관악구,05,30대,1384
2026-04-15,은평구,12,20대,3178
2026-04-15,은평구,23,60대이상,2607
2026-04-15,동작구,11,60대이상,1964
2026-04-15,광진구,20,10대,"2,791"
2026-04-15,동대문구,23,30대,1922
2026-04-15,송파구,20,50대,9036
2026-04-15,동대문구,00,60대이상,602
2026-04-15,종로구,20,10대,5527
2026-04-15,강남구,08,20대,11901
2026-04-15,용산구,01,50대,968
2026-04-15,서대문구,18,60대이상,2398
2026-04-15,종로구,20,10대,5527
2026-04-15,중랑구,09,40대,"5,713"
2026-04-15,강남구,13,30대,-
2026-04-15,강북구,10,40대,3638
2026-04-15,서대문구,02,30대,659
2026-04-15,서초구,18,50대,2304
2026-04-15,강북구,19,60대이상,"2,577"
2026-04-15,노원구,03,10대,-
2026-04-15,광진구,21,30대,"1,432"
2026-04-15,중랑구,02,60대이상,1174
2026-04-15,마포구,02,40대,3266
2026-04-15,구로구,04,30대,914
2026-04-15,은평구,18,50대,3123
2026-04-15,광진구,17,10대,2311
2026-04-15,성북구,23,10대,"2,517"
2026-04-15,용산구,05,20대,1036
2026-04-15,강서구,01,10대,544
2026-04-15,성북구,02,20대,794
2026-04-15,중구,12,60대이상,4947
2026-04-15,금천구,18,20대,4125
2026-04-15,강북구,11,50대,-2833
2026-04-15,강서구,21,40대,1652
2026-04-15,중구,18,60대이상,"4,339"
2026-04-15,중랑구,15,30대,4584
2026-04-15,서대문구,15,50대,2421
2026-04-15,강남구,06,30대,"6,876"
2026-04-15,양천구,11,40대,5065
2026-04-15,서대문구,07,30대,2985
2026-04-15,관악구,04,20대,1311
2026-04-15,송파구,16,20대,8405
2026-04-15,강북구,01,50대,728
2026-04-15,강남구,09,60대이상,9273
2026-04-15,서대문구,08,60대이상,2160
2026-04-15,금천구,22,60대이상,"2,042"
2026-04-15,종로구,12,20대,4775
2026-04-15,영등포구,20,10대,7336
2026-04-15,구로구,21,30대,"1,994"
2026-04-15,도봉구,06,20대,1336
2026-04-15,동작구,03,20대,446
2026-04-15,강동구,05,20대,752
2026-04-15,용산구,22,50대,2912
2026-04-15,관악구,13,30대,5732
2026-04-15,도봉구,17,20대,2346
2026-04-15,관악구,02,20대,1767
2026-04-15,양천구,20,40대,5607
2026-04-15,중구,12,10대,4826
2026-04-15,양천구,19,40대,5671
2026-04-15,성동구,22,50대,2344
2026-04-15,관악구,16,30대,-
2026-04-15,중랑구,06,30대,3038
2026-04-15,동작구,02,60대이상,507
2026-04-15,강서구,02,50대,592
2026-04-15,강남구,02,30대,4672
2026-04-15,강북구,04,40대,731
2026-04-15,종로구,16,40대,4228
2026-04-15,양천구,16,60대이상,5419
2026-04-15,동대문구,20,50대,3691
2026-04-15,마포구,11,50대,6576
2026-04-15,동대문구,14,20대,2284
2026-04-15,동작구,15,20대,1568
2026-04-15,강북구,00,50대,710
2026-04-15,강남구,09,50대,8865
2026-04-15,도봉구,04,50대,547
2026-04-15,종로구,08,50대,4235
2026-04-15,동대문구,07,10대,3553
2026-04-15,금천구,23,60대이상,3078
2026-04-15,성북구,06,50대,2150
2026-04-15,동작구,07,50대,1752
2026-04-15,강서구,14,40대,2253
2026-04-15,구로구,01,30대,1037
2026-04-15,서초구,05,50대,428
2026-04-15,영등포구,10,20대,7557
2026-04-15,강북구,19,30대,2545
2026-04-15,용산구,15,20대,"4,661"
2026-04-15,중랑구,11,40대,"3,945"
2026-04-15,강남구,10,40대,8273
2026-04-15,금천구,22,30대,2797
2026-04-15,성북구,19,60대이상,4813
2026-04-15,용산구,09,30대,4109
2026-04-15,영등포구,14,40대,"5,974"
2026-04-15,송파구,02,10대,1453
2026-04-15,강서구,18,30대,1835
2026-04-15,은평구,06,40대,"1,957"
2026-04-15,광진구,09,10대,2981
2026-04-15,동대문구,15,60대이상,"3,706"
2026-04-15,서대문구,00,40대,526
2026-04-15,강서구,00,50대,379
2026-04-15,은평구,13,30대,2844
2026-04-15,성동구,21,10대,2369
2026-04-15,동작구,20,30대,1926
2026-04-15,동대문구,16,40대,3756
2026-04-15,양천구,11,50대,"5,126"
2026-04-15,종로구,14,50대,4758
2026-04-15,성북구,07,50대,5053
2026-04-15,영등포구,11,30대,-
2026-04-15,동작구,13,20대,1647
2026-04-15,도봉구,03,20대,670
2026-04-15,강북구,17,50대,3527
2026-04-15,용산구,00,30대,1189
2026-04-15,양천구,04,40대,1254
2026-04-15,송파구,19,60대이상,7761
2026-04-15,관악구,23,50대,3396
2026-04-15,광진구,01,60대이상,1458
2026-04-15,성북구,16,10대,5136
2026-04-15,금천구,08,10대,3549
2026-04-15,은평구,09,30대,"4,431"
2026-04-15,영등포구,14,50대,7261
2026-04-15,서대문구,20,10대,2642
2026-04-15,용산구,09,60대이상,5405
2026-04-15,은평구,13,20대,3650
2026-04-15,동대문구,22,60대이상,
2026-04-15,도봉구,14,20대,2920
2026-04-15,강북구,22,10대,1481
2026-04-15,은평구,19,10대,4143
2026-04-15,영등포구,10,40대,5327
2026-04-15,영등포구,21,60대이상,"4,081"
2026-04-15,영등포구,15,50대,5233
2026-04-15,송파구,07,50대,-
2026-04-15,성동구,04,20대,848
2026-04-15,은평구,11,10대,3689
2026-04-15,영등포구,08,60대이상,6349
2026-04-15,은평구,12,10대,4501
2026-04-15,구로구,17,50대,4409
2026-04-15,도봉구,22,20대,1285
2026-04-15,양천구,14,30대,5935
2026-04-15,동대문구,14,10대,3017
2026-04-15,도봉구,06,50대,1357
2026-04-15,성동구,22,40대,3315
2026-04-15,중구,10,10대,"3,552"
2026-04-15,관악구,00,40대,1689
2026-04-15,성동구,11,20대,4393
2026-04-15,송파구,23,10대,5621
2026-04-15,마포구,21,10대,3382
2026-04-15,광진구,07,60대이상,3159
2026-04-15,관악구,08,10대,6012
2026-04-15,강서구,18,60대이상,"2,160"
2026-04-15,종로구,09,50대,"5,583"
2026-04-15,강남구,13,10대,9856
2026-04-15,강북구,05,60대이상,824
2026-04-15,금천구,17,40대,4981
2026-04-15,영등포구,16,50대,5540
2026-04-15,광진구,00,60대이상,"1,188"
2026-04-15,은평구,05,10대,791
2026-04-15,중랑구,01,40대,1280
2026-04-15,양천구,04,10대,991
2026-04-15,송파구,20,20대,6943
2026-04-15,마포구,18,30대,6440
2026-04-15,중구,17,30대,-
2026-04-15,광진구,08,30대,3103
2026-04-15,동작구,22,20대,1554
2026-04-15,성동구,23,50대,2874
2026-04-15,강동구,14,50대,3015
2026-04-15,송파구,15,50대,7008
2026-04-15,성동구,03,40대,1094
2026-04-15,서대문구,12,50대,2595
2026-04-15,영등포구,10,10대,7245
2026-04-15,종로구,22,50대,2101
2026-04-15,강서구,20,40대,2742
2026-04-15,구로구,04,40대,"1,074"
2026-04-15,서대문구,22,10대,1993
2026-04-15,강동구,06,50대,2265
2026-04-15,영등포구,13,50대,5776
2026-04-15,서초구,06,20대,1571
2026-04-15,은평구,14,30대,"3,069"
2026-04-15,마포구,13,40대,6617
2026-04-15,성동구,06,40대,2292
2026-04-15,광진구,18,40대,2754
2026-04-15,강북구,18,20대,2837
2026-04-15,강남구,13,50대,10397
2026-04-15,마포구,05,10대,3974
2026-04-15,동대문구,07,60대이상,3724
2026-04-15,강동구,18,10대,2821
2026-04-15,관악구,21,30대,"3,948"
2026-04-15,중구,02,40대,1357
2026-04-15,광진구,03,10대,"1,188"
2026-04-15,금천구,16,10대,"4,706"
2026-04-15,강남구,01,20대,5460
2026-04-15,서초구,06,10대,"1,672"
2026-04-15,서초구,13,10대,2784
2026-04-15,서대문구,15,20대,2787
2026-04-15,성동구,00,30대,983
2026-04-15,용산구,03,30대,953
2026-04-15,종로구,12,50대,4743
2026-04-15,구로구,22,50대,2415
2026-04-15,도봉구,08,20대,3000
2026-04-15,서대문구,13,10대,"3,235"
2026-04-15,영등포구,03,40대,3422
2026-04-15,관악구,20,60대이상,
2026-04-15,강동구,09,40대,3176
2026-04-15,중구,13,20대,4211
2026-04-15,용산구,17,60대이상,-4321
2026-04-15,서대문구,14,50대,2174
2026-04-15,강동구,03,40대,638
2026-04-15,성동구,11,10대,4237
2026-04-15,용산구,14,40대,4543
2026-04-15,영등포구,12,20대,4937
2026-04-15,노원구,04,20대,816
2026-04-15,양천구,16,40대,4051
2026-04-15,성북구,12,20대,4654
2026-04-15,관악구,17,20대,7333
2026-04-15,동작구,14,60대이상,2534
2026-04-15,구로구,05,60대이상,933
2026-04-15,구로구,02,50대,977
2026-04-15,강서구,09,50대,1848
2026-04-15,중랑구,19,50대,5575
2026-04-15,동작구,04,60대이상,457
2026-04-15,강서구,22,30대,1170
2026-04-15,강동구,05,30대,517
2026-04-15,도봉구,14,10대,1984
2026-04-15,중구,10,40대,3663
2026-04-15,관악구,18,50대,8339
2026-04-15,용산구,10,40대,3416
2026-04-15,은평구,04,40대,900
2026-04-15,성동구,03,30대,887
2026-04-15,강동구,00,50대,695
2026-04-15,마포구,08,10대,4959
2026-04-15,서초구,22,10대,1602
2026-04-15,금천구,18,10대,5234
2026-04-15,강동구,13,20대,3192
2026-04-15,강남구,14,20대,10441
2026-04-15,도봉구,20,10대,"2,666"
2026-04-15,마포구,08,20대,4342
2026-04-15,구로구,10,30대,3691
2026-04-15,성북구,15,60대이상,3860
2026-04-15,강남구,06,50대,6510
2026-04-15,종로구,13,60대이상,4047
2026-04-15,금천구,16,30대,"5,584"
2026-04-15,관악구,20,40대,"8,064"
2026-04-15,강서구,18,40대,2194
2026-04-15,강남구,17,40대,7381
2026-04-15,은평구,00,50대,804
2026-04-15,성동구,19,40대,3924
2026-04-15,용산구,21,10대,2042
2026-04-15,영등포구,20,40대,6156
2026-04-15,마포구,09,10대,7082
2026-04-15,용산구,02,30대,1070
2026-04-15,송파구,08,40대,8831
2026-04-15,노원구,20,50대,3728
2026-04-15,금천구,21,10대,2502
2026-04-15,중랑구,20,30대,4388
2026-04-15,은평구,17,40대,4560
2026-04-15,영등포구,21,30대,3391
2026-04-15,동대문구,17,60대이상,3436
2026-04-15,종로구,06,20대,2032
2026-04-15,동대문구,17,20대,2467
2026-04-15,동작구,09,60대이상,
2026-04-15,마포구,19,20대,5318
2026-04-15,강남구,15,60대이상,"7,689"
2026-04-15,서대문구,01,60대이상,636
2026-04-15,중랑구,13,30대,4564
2026-04-15,양천구,08,20대,5683
2026-04-15,서대문구,15,50대,2421
2026-04-15,송파구,21,10대,5077
2026-04-15,구로구,08,10대,4911
2026-04-15,동작구,23,10대,1218
2026-04-15,강동구,10,50대,"2,545"
2026-04-15,서초구,10,10대,2666
2026-04-15,서초구,21,40대,1428
2026-04-15,서초구,20,30대,"2,895"
2026-04-15,종로구,05,30대,1847
2026-04-15,중랑구,19,20대,4708
2026-04-15,동작구,11,20대,"2,462"
2026-04-15,중구,09,10대,5498
2026-04-15,중구,20,20대,4889
2026-04-15,종로구,11,40대,5208
2026-04-15,노원구,09,40대,3344
2026-04-15,성동구,12,50대,5175
2026-04-15,동대문구,06,60대이상,"1,437"
2026-04-15,도봉구,20,40대,2318
2026-04-15,서대문구,09,20대,2990
2026-04-15,양천구,18,30대,4079
2026-04-15,광진구,04,60대이상,1583
2026-04-15,금천구,06,30대,-
2026-04-15,은평구,11,50대,3523
2026-04-15,성동구,10,40대,5126
2026-04-15,성북구,12,40대,4634
2026-04-15,도봉구,22,50대,1872
2026-04-15,영등포구,08,20대,4837
2026-04-15,은평구,14,60대이상,4489
2026-04-15,서대문구,09,40대,3373
2026-04-15,도봉구,11,20대,2895
2026-04-15,광진구,11,10대,"3,275"
2026-04-15,마포구,08,60대이상,5050
2026-04-15,동대문구,16,50대,"3,259"
2026-04-15,영등포구,07,60대이상,7428
2026-04-15,금천구,11,40대,"5,008"
2026-04-15,도봉구,19,50대,"2,739"
2026-04-15,중랑구,23,30대,2842
2026-04-15,관악구,07,60대이상,"7,079"
2026-04-15,중랑구,10,60대이상,4000
2026-04-15,중구,07,40대,
2026-04-15,송파구,10,60대이상,7246
2026-04-15,강서구,21,50대,1227
2026-04-15,중랑구,20,40대,"4,845"
2026-04-15,관악구,13,60대이상,7421
2026-04-15,관악구,04,40대,1202
2026-04-15,성북구,18,20대,5540
2026-04-15,중랑구,01,50대,864
2026-04-15,동대문구,12,60대이상,3181
2026-04-15,서초구,10,20대,2881
2026-04-15,마포구,20,30대,4668
2026-04-15,마포구,16,10대,4689
2026-04-15,은평구,10,20대,3202
2026-04-15,마포구,20,50대,5372
2026-04-15,영등포구,18,40대,6895
2026-04-15,종로구,17,20대,4515
2026-04-15,동대문구,23,50대,1528
2026-04-15,동대문구,02,40대,798000
2026-04-15,영등포구,02,50대,2746
2026-04-15,관악구,21,60대이상,3185
2026-04-15,강서구,07,10대,2785
2026-04-15,은평구,04,20대,975
2026-04-15,광진구,04,10대,1325
2026-04-15,도봉구,09,30대,2157
2026-04-15,강서구,05,60대이상,378
2026-04-15,성북구,22,60대이상,3283
2026-04-15,중랑구,16,40대,4182
2026-04-15,양천구,17,20대,6028
2026-04-15,강북구,15,50대,3118
2026-04-15,성북구,12,60대이상,5507
2026-04-15,동작구,09,40대,2484
2026-04-15,은평구,03,20대,851
2026-04-15,성북구,16,30대,5265
2026-04-15,광진구,12,50대,3784
2026-04-15,구로구,18,30대,4094
2026-04-15,도봉구,09,60대이상,2567
2026-04-15,노원구,21,20대,2402
2026-04-15,광진구,18,60대이상,3270
2026-04-15,은평구,14,50대,4440
2026-04-15,구로구,23,50대,"2,943"
2026-04-15,중랑구,18,30대,5786
2026-04-15,중랑구,06,20대,2494
2026-04-15,종로구,00,40대,1632
2026-04-15,관악구,12,60대이상,6598
2026-04-15,도봉구,13,40대,2573
2026-04-15,금천구,14,20대,4754
2026-04-15,강서구,06,10대,1375
2026-04-15,노원구,16,60대이상,5110
2026-04-15,구로구,01,50대,830
2026-04-15,서초구,11,40대,2900
2026-04-15,노원구,13,30대,3433
2026-04-15,동작구,19,60대이상,1731
2026-04-15,서대문구,06,20대,"1,975"
2026-04-15,구로구,10,20대,4640
2026-04-15,강북구,12,10대,2893
2026-04-15,금천구,12,50대,"4,837"
2026-04-15,도봉구,12,20대,2646
2026-04-15,용산구,22,20대,
2026-04-15,은평구,03,10대,625
2026-04-15,광진구,00,40대,1469
2026-04-15,동대문구,06,10대,1791
2026-04-15,강동구,20,30대,2822
2026-04-15,서초구,07,10대,2908
2026-04-15,관악구,05,50대,1546
2026-04-15,강서구,09,60대이상,1746
2026-04-15,강남구,23,50대,4477
2026-04-15,용산구,09,60대이상,5405
2026-04-15,동작구,08,20대,1794
2026-04-15,종로구,21,40대,3250
2026-04-15,마포구,18,10대,5807
2026-04-15,서대문구,14,30대,3466
2026-04-15,강동구,20,40대,2899
2026-04-15,은평구,04,30대,-652
2026-04-15,중구,06,40대,2878
2026-04-15,구로구,18,10대,-
2026-04-15,서초구,09,60대이상,2248
2026-04-15,동대문구,21,30대,1524
2026-04-15,금천구,09,50대,3903
2026-04-15,성북구,15,50대,"3,884"
2026-04-15,서대문구,01,40대,569
2026-04-15,관악구,14,10대,6041
2026-04-15,강북구,03,20대,580
2026-04-15,노원구,13,10대,4596
2026-04-15,노원구,04,40대,946
2026-04-15,금천구,01,50대,-
2026-04-15,강서구,13,30대,"2,767"
2026-04-15,강동구,11,20대,2808
2026-04-15,광진구,21,60대이상,2056
2026-04-15,성동구,13,20대,-5820
2026-04-15,마포구,19,60대이상,"5,918"
2026-04-15,양천구,02,60대이상,
2026-04-15,영등포구,05,60대이상,2785
2026-04-15,성북구,20,20대,
2026-04-15,강동구,13,10대,3458
2026-04-15,송파구,05,50대,1918
2026-04-15,영등포구,01,30대,3387
2026-04-15,용산구,11,50대,3985
2026-04-15,강서구,13,40대,2479
2026-04-15,강남구,16,50대,8626
2026-04-15,강남구,08,60대이상,"8,066"
2026-04-15,중구,13,10대,4045
2026-04-15,도봉구,15,30대,2898
2026-04-15,금천구,08,60대이상,4212
2026-04-15,강서구,06,60대이상,1561
2026-04-15,은평구,04,50대,902
2026-04-15,종로구,09,10대,3353
2026-04-15,동작구,11,40대,2476
2026-04-15,중랑구,22,50대,3372
2026-04-15,영등포구,23,30대,"4,643"
2026-04-15,강동구,08,50대,"3,675"
2026-04-15,용산구,17,50대,4217
2026-04-15,구로구,06,40대,2602
2026-04-15,용산구,15,30대,3655
2026-04-15,관악구,02,10대,1720
2026-04-15,동작구,10,60대이상,1568
2026-04-15,성동구,16,60대이상,5213
2026-04-15,강동구,14,40대,3025
2026-04-15,금천구,16,60대이상,"4,022"
2026-04-15,구로구,17,20대,4163
2026-04-15,동작구,04,40대,514
2026-04-15,광진구,11,20대,2774
2026-04-15,성북구,17,50대,3587
2026-04-15,용산구,20,30대,-
2026-04-15,강서구,23,40대,1395
2026-04-15,강북구,21,30대,2154
2026-04-15,강북구,07,50대,3734
2026-04-15,양천구,13,60대이상,
2026-04-15,동대문구,20,10대,2485
2026-04-15,광진구,06,20대,1722
2026-04-15,종로구,21,30대,2802
2026-04-15,양천구,09,10대,5283
2026-04-15,강북구,09,20대,3690
2026-04-15,서초구,00,60대이상,574
2026-04-15,종로구,14,30대,"4,974"
2026-04-15,송파구,19,50대,7724
2026-04-15,강북구,21,10대,"1,766"
2026-04-15,도봉구,19,40대,2529
2026-04-15,광진구,09,60대이상,3194
2026-04-15,강동구,10,10대,3297
2026-04-15,종로구,18,20대,4729
2026-04-15,관악구,09,50대,6040
2026-04-15,송파구,06,50대,-
2026-04-15,강북구,04,50대,815
2026-04-15,금천구,05,30대,833
2026-04-15,중랑구,07,50대,4957
2026-04-15,성북구,20,50대,4708
2026-04-15,송파구,04,20대,1601
2026-04-15,강동구,14,30대,2770
2026-04-15,중랑구,02,30대,1045
2026-04-15,성북구,21,50대,3245
2026-04-15,종로구,19,10대,-
2026-04-15,마포구,23,20대,"3,253"
2026-04-15,송파구,23,60대이상,"5,460"
2026-04-15,동작구,12,50대,2176
2026-04-15,중랑구,03,50대,1311
2026-04-15,강동구,16,30대,2371
2026-04-15,구로구,10,60대이상,3367
2026-04-15,영등포구,04,20대,3136
2026-04-15,성북구,02,10대,820
2026-04-15,구로구,17,10대,4962
2026-04-15,동대문구,13,20대,3594
2026-04-15,도봉구,00,10대,620
2026-04-15,도봉구,08,50대,-
2026-04-15,금천구,17,20대,3545
2026-04-15,금천구,20,50대,"4,948"
2026-04-15,마포구,12,50대,6168
2026-04-15,성북구,21,30대,2427
2026-04-15,구로구,20,30대,4088
2026-04-15,강북구,02,10대,742
2026-04-15,은평구,20,40대,2757
2026-04-15,종로구,23,50대,2071
2026-04-15,관악구,15,50대,5554
2026-04-15,강남구,09,40대,7750
2026-04-15,송파구,04,50대,1615
2026-04-15,서대문구,13,50대,2859
2026-04-15,구로구,01,20대,1108
2026-04-15,강서구,04,30대,492
2026-04-15,노원구,04,50대,1157
2026-04-15,강동구,10,60대이상,2405
2026-04-15,금천구,16,40대,
2026-04-15,동작구,15,30대,1988
2026-04-15,용산구,00,20대,872
2026-04-15,도봉구,15,60대이상,2082
2026-04-15,성동구,12,30대,5118
2026-04-15,서초구,23,60대이상,1202
2026-04-15,강북구,10,30대,3118
2026-04-15,중구,09,50대,5441
2026-04-15,영등포구,17,60대이상,5295
2026-04-15,강북구,07,40대,3344
2026-04-15,노원구,07,20대,5283
2026-04-15,금천구,23,10대,3029
2026-04-15,강북구,21,50대,1841
2026-04-15,종로구,09,30대,5531
2026-04-15,강동구,19,50대,2793
2026-04-15,은평구,16,60대이상,3321
2026-04-15,종로구,21,60대이상,2491
2026-04-15,동대문구,12,30대,2480
2026-04-15,종로구,18,30대,3518
2026-04-15,강동구,12,30대,2390
2026-04-15,중구,09,60대이상,3499
2026-04-15,서대문구,08,30대,"2,399"
2026-04-15,영등포구,03,20대,3631
2026-04-15,금천구,03,40대,1215
2026-04-15,송파구,03,60대이상,2034
2026-04-15,종로구,11,30대,4717
2026-04-15,강북구,03,20대,580
2026-04-15,은평구,23,20대,2103
2026-04-15,영등포구,15,60대이상,6899
2026-04-15,양천구,09,30대,4761
2026-04-15,양천구,03,10대,1002
2026-04-15,도봉구,22,40대,
2026-04-15,강서구,22,20대,"1,462"
2026-04-15,노원구,06,40대,2586
2026-04-15,강서구,22,50대,1114
2026-04-15,중구,23,50대,-
2026-04-15,성북구,01,40대,841
2026-04-15,강북구,09,40대,
2026-04-15,동대문구,18,60대이상,2697
2026-04-15,종로구,02,20대,2174
2026-04-15,송파구,21,50대,5068
2026-04-15,서대문구,00,30대,655
2026-04-15,강남구,10,60대이상,10382
2026-04-15,중랑구,06,10대,2587
2026-04-15,은평구,06,50대,1696
2026-04-15,동작구,11,20대,"2,462"
2026-04-15,양천구,01,20대,1081
2026-04-15,노원구,11,30대,4571
2026-04-15,서대문구,08,20대,2681
2026-04-15,동작구,03,50대,478
2026-04-15,동작구,15,60대이상,1825
2026-04-15,중랑구,16,60대이상,3724
2026-04-15,중구,20,10대,4656
2026-04-15,마포구,06,30대,3552
2026-04-15,강동구,14,20대,3258
2026-04-15,강서구,03,60대이상,373
2026-04-15,성동구,09,60대이상,"4,145"
2026-04-15,구로구,19,10대,4729
2026-04-15,서대문구,20,30대,3345
2026-04-15,중랑구,02,20대,1155
2026-04-15,양천구,11,30대,3892
2026-04-15,서대문구,17,60대이상,2321
2026-04-15,성동구,06,30대,2580
2026-04-15,종로구,22,40대,2112
2026-04-15,동작구,16,60대이상,2542
2026-04-15,강남구,01,50대,5284
2026-04-15,중구,03,10대,"1,516"
2026-04-15,강동구,00,40대,804
2026-04-15,성동구,11,30대,"4,869"
2026-04-15,강동구,01,40대,820
2026-04-15,강동구,11,30대,"3,781"
2026-04-15,성동구,23,30대,2868
2026-04-15,마포구,04,20대,
2026-04-15,종로구,04,10대,1356
2026-04-15,성동구,12,10대,3817
2026-04-15,중랑구,05,20대,946
2026-04-15,용산구,18,60대이상,5135
2026-04-15,영등포구,15,30대,6503
2026-04-15,성북구,01,50대,1087
2026-04-15,강남구,12,20대,7537
2026-04-15,용산구,14,30대,5280
2026-04-15,강남구,04,50대,4830
2026-04-15,서대문구,15,40대,2570
2026-04-15,동작구,21,10대,1496
2026-04-15,중구,03,30대,1579
2026-04-15,강남구,04,10대,5327
2026-04-15,종로구,07,40대,4877
2026-04-15,동대문구,10,30대,2473
2026-04-15,성북구,16,50대,5512
2026-04-15,서초구,14,50대,2029
2026-04-15,구로구,18,60대이상,3678
2026-04-15,중랑구,07,40대,5840
2026-04-15,노원구,18,20대,"3,350"
2026-04-15,양천구,17,60대이상,"4,339"
2026-04-15,은평구,00,10대,836
2026-04-15,서초구,17,10대,2731
2026-04-15,중랑구,14,20대,5409
2026-04-15,서대문구,21,50대,1795
2026-04-15,동작구,06,20대,1387
2026-04-15,영등포구,09,10대,5887
2026-04-15,은평구,07,20대,3724
2026-04-15,마포구,05,60대이상,3240
2026-04-15,성동구,23,20대,2836
2026-04-15,서초구,13,50대,2549
2026-04-15,서대문구,21,30대,1427
2026-04-15,송파구,05,10대,1605
2026-04-15,구로구,13,20대,3455
2026-04-15,도봉구,10,50대,2450
2026-04-15,중구,07,30대,4539
2026-04-15,강서구,09,10대,1729
2026-04-15,동대문구,09,10대,"3,570"
2026-04-15,양천구,15,30대,-
2026-04-15,금천구,03,10대,1223
2026-04-15,도봉구,16,20대,2087
2026-04-15,구로구,21,20대,1955
2026-04-15,관악구,18,20대,5998
2026-04-15,종로구,06,60대이상,2959
2026-04-15,성북구,00,20대,"1,234"
2026-04-15,광진구,07,40대,2556
2026-04-15,도봉구,01,30대,518
2026-04-15,서대문구,01,30대,652
2026-04-15,성동구,12,40대,4891
2026-04-15,중랑구,00,20대,1162
2026-04-15,광진구,03,20대,1507
2026-04-15,관악구,14,60대이상,6964
2026-04-15,도봉구,17,40대,2511
2026-04-15,강서구,05,40대,491
2026-04-15,금천구,13,20대,3827
2026-04-15,송파구,00,50대,1319
2026-04-15,노원구,22,50대,-
2026-04-15,동작구,02,30대,369
2026-04-15,은평구,10,10대,2933
2026-04-15,양천구,15,30대,-
2026-04-15,중랑구,00,10대,1035
2026-04-15,서대문구,05,30대,467
2026-04-15,강동구,13,60대이상,2834
2026-04-15,강북구,18,10대,3551
2026-04-15,용산구,08,20대,5429
2026-04-15,동대문구,13,40대,2380
2026-04-15,영등포구,22,40대,3548
2026-04-15,성북구,12,30대,3714
2026-04-15,강남구,17,30대,11890
2026-04-15,관악구,11,10대,6022
2026-04-15,강남구,07,10대,10188
2026-04-15,금천구,15,30대,5337
2026-04-15,금천구,02,10대,1204
2026-04-15,성북구,05,50대,1151
2026-04-15,송파구,15,40대,"7,403"
2026-04-15,강서구,18,10대,2215
2026-04-15,서대문구,04,50대,596
2026-04-15,서초구,19,40대,2095
2026-04-15,광진구,23,10대,1859
2026-04-15,동작구,20,60대이상,2201
2026-04-15,용산구,13,10대,4953
2026-04-15,양천구,13,40대,"6,051"
2026-04-15,영등포구,05,30대,3969
2026-04-15,마포구,20,60대이상,
2026-04-15,서대문구,15,60대이상,"2,900"
2026-04-15,동작구,23,50대,980
2026-04-15,마포구,01,60대이상,4073
2026-04-15,송파구,01,50대,1542
2026-04-15,성북구,00,30대,1203
2026-04-15,강서구,12,50대,2481
2026-04-15,중구,01,50대,1726
2026-04-15,광진구,17,50대,2741
2026-04-15,성북구,04,20대,1027
2026-04-15,강서구,14,10대,-
2026-04-15,동대문구,12,20대,3634
2026-04-15,영등포구,06,40대,"4,114"
2026-04-15,도봉구,15,20대,1909
2026-04-15,양천구,03,20대,904
2026-04-15,종로구,20,50대,4092
2026-04-15,성북구,05,60대이상,1151
2026-04-15,성동구,05,60대이상,896
2026-04-15,구로구,04,20대,870
2026-04-15,관악구,17,60대이상,7436
2026-04-15,마포구,17,40대,6512
2026-04-15,동대문구,16,60대이상,2357
2026-04-15,구로구,03,50대,984
2026-04-15,중구,13,30대,4882
2026-04-15,용산구,06,50대,"2,515"
2026-04-15,동대문구,13,50대,3382
2026-04-15,노원구,22,20대,2026
2026-04-15,구로구,07,40대,3857
2026-04-15,종로구,14,60대이상,4591
2026-04-15,성동구,13,30대,-4501
2026-04-15,강북구,04,40대,731
2026-04-15,노원구,07,30대,4289
2026-04-15,은평구,07,10대,3336
2026-04-15,마포구,19,50대,5532
2026-04-15,영등포구,16,20대,7218
2026-04-15,광진구,22,60대이상,1790
2026-04-15,동대문구,05,50대,678
2026-04-15,구로구,00,30대,971
2026-04-15,서대문구,21,40대,1695
2026-04-15,중랑구,23,10대,3414
2026-04-15,마포구,12,40대,6394
2026-04-15,용산구,11,40대,3377
2026-04-15,도봉구,00,40대,650
2026-04-15,구로구,08,50대,4169
2026-04-15,은평구,15,60대이상,3989
2026-04-15,은평구,05,30대,805
2026-04-15,종로구,03,20대,1844
2026-04-15,양천구,23,40대,2810
2026-04-15,도봉구,09,10대,1924
2026-04-15,송파구,21,30대,5550
2026-04-15,강남구,19,30대,11738
2026-04-15,은평구,03,50대,890
2026-04-15,마포구,03,40대,3677
2026-04-15,서대문구,01,60대이상,636
2026-04-15,종로구,07,30대,4441
2026-04-15,은평구,06,20대,2225
2026-04-15,종로구,10,60대이상,3680
2026-04-15,마포구,12,40대,6394
2026-04-15,성동구,07,40대,
2026-04-15,강북구,16,20대,2418
2026-04-15,노원구,21,60대이상,2493
2026-04-15,용산구,13,30대,5313
2026-04-15,구로구,03,20대,738
2026-04-15,은평구,19,60대이상,3215
2026-04-15,강북구,20,20대,2984
2026-04-15,성북구,06,50대,2150
2026-04-15,종로구,01,40대,1417
2026-04-15,강남구,12,60대이상,-9990
2026-04-15,광진구,14,10대,2314
2026-04-15,금천구,06,10대,"2,016"
2026-04-15,강서구,01,40대,527
2026-04-15,강동구,18,20대,2348
2026-04-15,동대문구,12,10대,"2,563"
2026-04-15,서대문구,19,40대,2603
2026-04-15,강북구,17,60대이상,2941
2026-04-15,구로구,11,50대,5113
2026-04-15,동대문구,00,20대,577
2026-04-15,강동구,11,40대,3569
2026-04-15,도봉구,16,60대이상,2254
2026-04-15,성북구,14,50대,4797
2026-04-15,중랑구,14,30대,"5,628"
2026-04-15,마포구,15,50대,4646
2026-04-15,금천구,13,50대,4746
2026-04-15,동대문구,22,30대,"1,931"
2026-04-15,강북구,01,20대,704
2026-04-15,마포구,01,60대이상,4073
2026-04-15,성북구,11,50대,4127
2026-04-15,마포구,23,40대,3207
2026-04-15,관악구,20,50대,8263
2026-04-15,광진구,14,40대,3486
2026-04-15,은평구,00,60대이상,917
2026-04-15,서대문구,03,10대,572
2026-04-15,성북구,17,10대,5555
2026-04-15,중랑구,13,20대,4686
2026-04-15,광진구,16,10대,3575
2026-04-15,양천구,06,30대,2613
2026-04-15,동대문구,19,50대,"3,338"
2026-04-15,강서구,06,30대,1450
2026-04-15,마포구,05,30대,2957
2026-04-15,종로구,02,50대,2018
2026-04-15,강남구,22,50대,7083
2026-04-15,광진구,13,60대이상,3535
2026-04-15,도봉구,23,10대,1226
2026-04-15,은평구,21,40대,1865
2026-04-15,서대문구,10,30대,2795
2026-04-15,용산구,01,60대이상,1228
2026-04-15,동작구,17,40대,1573
2026-04-15,노원구,05,40대,801
2026-04-15,강동구,12,50대,3528
2026-04-15,강서구,12,30대,2416
2026-04-15,서대문구,01,20대,525
2026-04-15,성북구,19,10대,5350
2026-04-15,용산구,18,50대,4753
2026-04-15,중구,06,50대,2750
2026-04-15,광진구,19,20대,"3,517"
2026-04-15,성북구,23,40대,3181
2026-04-15,광진구,08,20대,2769
2026-04-15,서초구,02,10대,626
2026-04-15,중구,06,10대,3266
2026-04-15,성동구,09,20대,4523
2026-04-15,금천구,06,20대,2637
2026-04-15,동작구,08,40대,"1,919"
2026-04-15,송파구,00,40대,2052
2026-04-15,관악구,15,40대,"8,399"
2026-04-15,중구,07,60대이상,3976
2026-04-15,은평구,01,50대,973
2026-04-15,종로구,00,60대이상,
2026-04-15,성북구,07,40대,"4,909"
2026-04-15,마포구,02,60대이상,3548
2026-04-15,영등포구,04,10대,3125
2026-04-15,도봉구,20,50대,2385
2026-04-15,동작구,17,50대,"2,246"
2026-04-15,금천구,07,60대이상,
2026-04-15,성동구,21,60대이상,3063
2026-04-15,강서구,12,40대,2080
2026-04-15,동작구,01,20대,441
2026-04-15,성북구,23,50대,2764
2026-04-15,동작구,11,10대,2273
2026-04-15,도봉구,23,30대,1334
2026-04-15,강북구,03,40대,716
2026-04-15,용산구,02,60대이상,1021
2026-04-15,강동구,15,40대,3646
2026-04-15,영등포구,11,40대,7187
2026-04-15,송파구,23,20대,4964
2026-04-15,강북구,07,10대,3673
2026-04-15,동대문구,11,30대,"3,032"
2026-04-15,노원구,13,40대,5231
2026-04-15,중랑구,22,10대,3294
2026-04-15,용산구,12,20대,4464
2026-04-15,강동구,16,40대,
2026-04-15,관악구,06,30대,4285
2026-04-15,영등포구,01,60대이상,2947
2026-04-15,강남구,00,20대,6057
2026-04-15,성동구,02,60대이상,1264
2026-04-15,구로구,00,50대,988
2026-04-15,양천구,18,10대,"4,248"
2026-04-15,서대문구,10,40대,2213
2026-04-15,송파구,08,50대,8030
2026-04-15,구로구,10,20대,4640
2026-04-15,성북구,18,40대,4560
2026-04-15,강북구,02,20대,756
2026-04-15,서초구,04,40대,467
2026-04-15,동작구,00,20대,493
2026-04-15,강북구,20,30대,3309
2026-04-15,강동구,02,30대,-
2026-04-15,도봉구,16,50대,2897
2026-04-15,용산구,06,40대,2016
2026-04-15,성동구,01,10대,1001
2026-04-15,성북구,09,40대,4415
2026-04-15,양천구,20,60대이상,5962
2026-04-15,광진구,00,10대,"1,185"
2026-04-15,강서구,13,60대이상,1808
2026-04-15,종로구,07,50대,3773
2026-04-15,강서구,14,10대,-
2026-04-15,영등포구,01,40대,3193
2026-04-15,강서구,08,40대,1747
2026-04-15,송파구,09,40대,6373
2026-04-15,강동구,17,30대,3409
2026-04-15,서대문구,13,20대,3304
2026-04-15,중랑구,21,10대,"3,463"
2026-04-15,중랑구,17,10대,"5,476"
2026-04-15,영등포구,09,50대,6800
2026-04-15,강서구,23,20대,1412
2026-04-15,중구,11,10대,-
2026-04-15,중구,22,20대,2576
2026-04-15,영등포구,19,30대,"7,282"
2026-04-15,도봉구,19,10대,2998
2026-04-15,양천구,04,30대,1243
2026-04-15,강남구,06,10대,4696
2026-04-15,중구,11,60대이상,5319
2026-04-15,송파구,10,20대,8255
2026-04-15,금천구,18,40대,3557
2026-04-15,성동구,01,50대,1105
2026-04-15,성동구,02,30대,832
2026-04-15,동작구,09,50대,"2,232"
2026-04-15,중구,14,20대,-5154
2026-04-15,중구,19,60대이상,3422
2026-04-15,도봉구,07,50대,2354
2026-04-15,서초구,17,30대,2675
2026-04-15,영등포구,01,10대,2549
2026-04-15,노원구,03,20대,995
2026-04-15,강동구,04,40대,
2026-04-15,성동구,06,50대,3419
2026-04-15,관악구,09,10대,-
2026-04-15,강북구,14,10대,2997
2026-04-15,용산구,22,10대,2164
2026-04-15,중구,01,60대이상,1307
2026-04-15,노원구,02,10대,1064
2026-04-15,성북구,10,10대,5648
2026-04-15,중구,06,20대,2545
2026-04-15,노원구,04,10대,-
2026-04-15,금천구,05,60대이상,1009
2026-04-15,강북구,11,20대,3559
2026-04-15,서대문구,03,60대이상,488
2026-04-15,중랑구,16,50대,5830
2026-04-15,강서구,20,60대이상,1741
2026-04-15,영등포구,10,60대이상,7168
2026-04-15,강남구,08,20대,11901
2026-04-15,마포구,05,20대,2733
2026-04-15,양천구,13,50대,5348
2026-04-15,은평구,16,30대,2904
2026-04-15,중랑구,22,60대이상,
2026-04-15,성동구,16,30대,4978
2026-04-15,강서구,13,10대,1834
2026-04-15,노원구,02,40대,1219
2026-04-15,동대문구,23,20대,1472
2026-04-15,동대문구,01,20대,671
2026-04-15,강동구,11,10대,3250
2026-04-15,관악구,07,30대,5925
2026-04-15,관악구,23,40대,4940
2026-04-15,관악구,01,10대,1358
2026-04-15,영등포구,04,30대,3768
2026-04-15,성북구,13,50대,4512
2026-04-15,강북구,13,40대,3001
2026-04-15,구로구,03,60대이상,1000
2026-04-15,강서구,00,60대이상,458
2026-04-15,구로구,00,40대,1095
2026-04-15,중랑구,12,50대,3994
2026-04-15,송파구,04,50대,1615
2026-04-15,성동구,20,40대,"3,861"
2026-04-15,종로구,02,40대,1568
2026-04-15,성동구,00,60대이상,
2026-04-15,성동구,16,20대,5423
2026-04-15,은평구,12,30대,2938
2026-04-15,구로구,19,20대,3337
2026-04-15,중랑구,14,40대,5770
2026-04-15,중구,20,50대,"4,186"
2026-04-15,중랑구,14,20대,5409
2026-04-15,마포구,11,30대,6022
2026-04-15,마포구,03,40대,3677
2026-04-15,중랑구,09,60대이상,-5346
2026-04-15,서대문구,06,60대이상,1390
2026-04-15,금천구,09,40대,3820
2026-04-15,중구,08,50대,"3,893"
2026-04-15,양천구,17,10대,3779
2026-04-15,동대문구,00,10대,799
2026-04-15,성북구,07,30대,3485
2026-04-15,동대문구,16,30대,"3,093"
2026-04-15,노원구,00,50대,1071
2026-04-15,금천구,11,20대,4968
2026-04-15,동대문구,18,30대,-
2026-04-15,서대문구,01,50대,559
2026-04-15,용산구,18,40대,3798
2026-04-15,마포구,20,60대이상,
2026-04-15,동대문구,01,20대,671
2026-04-15,구로구,09,10대,4468
2026-04-15,관악구,13,50대,6745
2026-04-15,광진구,14,50대,3399
2026-04-15,종로구,04,50대,1387
2026-04-15,강서구,15,20대,1963
2026-04-15,양천구,07,40대,
2026-04-15,구로구,07,10대,3528
2026-04-15,송파구,03,50대,1514
2026-04-15,성동구,13,50대,5622
2026-04-15,은평구,07,40대,3210
2026-04-15,노원구,16,30대,-4012
2026-04-15,종로구,21,50대,2648
2026-04-15,강서구,13,10대,1834
2026-04-15,종로구,07,60대이상,4490
2026-04-15,중랑구,03,60대이상,1070
2026-04-15,강남구,22,60대이상,4929
2026-04-15,성북구,20,10대,5221
2026-04-15,양천구,20,50대,4094
2026-04-15,강서구,17,60대이상,"2,782"
2026-04-15,금천구,22,50대,2696
2026-04-15,종로구,13,50대,4754
2026-04-15,금천구,10,60대이상,3404
2026-04-15,종로구,01,50대,-
2026-04-15,강서구,17,30대,2666
2026-04-15,강남구,18,20대,11848
2026-04-15,영등포구,03,50대,3315
2026-04-15,구로구,22,10대,2530
2026-04-15,양천구,23,30대,2544
2026-04-15,광진구,22,40대,1711
2026-04-15,종로구,06,40대,3249
2026-04-15,강남구,18,10대,9694
2026-04-15,강북구,22,60대이상,1910
2026-04-15,노원구,16,50대,4807
2026-04-15,도봉구,10,60대이상,3100
2026-04-15,강서구,19,30대,1985
2026-04-15,동대문구,06,40대,1949
2026-04-15,동작구,19,40대,2015
2026-04-15,강북구,01,10대,737
2026-04-15,양천구,12,40대,6012
2026-04-15,서대문구,03,30대,722
2026-04-15,동대문구,16,20대,2866
2026-04-15,마포구,17,10대,6241
2026-04-15,마포구,01,30대,2921
2026-04-15,성북구,18,60대이상,"4,118"
2026-04-15,강서구,01,50대,595
2026-04-15,관악구,09,20대,5837
2026-04-15,관악구,03,20대,1790
2026-04-15,광진구,03,50대,1159
2026-04-15,강동구,23,40대,1789
2026-04-15,용산구,00,60대이상,947
2026-04-15,구로구,19,50대,3178
2026-04-15,강북구,17,40대,3767
2026-04-15,강동구,19,20대,3074
2026-04-15,강동구,17,50대,2418
2026-04-15,중랑구,15,20대,
2026-04-15,구로구,13,50대,3934
2026-04-15,노원구,06,50대,3107
2026-04-15,은평구,13,50대,4521
2026-04-15,은평구,10,50대,2812
2026-04-15,성북구,02,60대이상,1049
2026-04-15,송파구,08,10대,8656
2026-04-15,은평구,21,30대,2490
2026-04-15,용산구,19,60대이상,4924
2026-04-15,동작구,18,40대,1606
2026-04-15,구로구,02,20대,1008
2026-04-15,금천구,23,20대,2473
2026-04-15,영등포구,07,30대,5768
2026-04-15,강남구,02,10대,-
2026-04-15,노원구,16,40대,4508
2026-04-15,영등포구,21,50대,-
2026-04-15,관악구,19,20대,6751
2026-04-15,관악구,00,10대,1722
2026-04-15,강동구,08,60대이상,3548
2026-04-15,송파구,01,60대이상,2049
2026-04-15,강동구,08,40대,3778
2026-04-15,용산구,22,50대,2912
2026-04-15,금천구,05,10대,1218
2026-04-15,중랑구,20,20대,5848
2026-04-15,관악구,01,60대이상,
2026-04-15,송파구,17,30대,8435
2026-04-15,강동구,07,10대,2854
2026-04-15,동대문구,10,10대,2881
2026-04-15,광진구,17,60대이상,3106
2026-04-15,서초구,02,40대,407
2026-04-15,성동구,19,10대,3815
2026-04-15,중구,01,20대,2034
2026-04-15,용산구,16,50대,5089
2026-04-15,마포구,20,20대,6434
2026-04-15,성동구,03,20대,1086
2026-04-15,구로구,03,40대,1053
2026-04-15,서초구,08,30대,2148
2026-04-15,양천구,23,60대이상,
2026-04-15,송파구,05,40대,1686
2026-04-15,중랑구,04,50대,1085
2026-04-15,중구,06,30대,2239
2026-04-15,광진구,22,30대,1370
2026-04-15,용산구,19,30대,4149
2026-04-15,중랑구,15,60대이상,3880
2026-04-15,용산구,18,20대,4564
2026-04-15,양천구,10,50대,5287
2026-04-15,영등포구,18,30대,5054
2026-04-15,동대문구,15,50대,3680
2026-04-15,금천구,04,60대이상,768
2026-04-15,성북구,01,60대이상,971
2026-04-15,노원구,00,40대,962
2026-04-15,서초구,03,20대,635
2026-04-15,성북구,06,20대,2348
2026-04-15,서대문구,16,50대,-
2026-04-15,은평구,12,50대,4126
2026-04-15,강남구,14,10대,9551
2026-04-15,서초구,01,10대,405
2026-04-15,강북구,19,20대,2999
2026-04-15,강북구,09,10대,2728
2026-04-15,성북구,03,10대,987
2026-04-15,용산구,13,40대,3402
2026-04-15,용산구,04,50대,"1,067"
2026-04-15,중구,00,40대,1589
2026-04-15,노원구,15,10대,5296
2026-04-15,관악구,16,60대이상,"7,425"
2026-04-15,양천구,13,10대,4614
2026-04-15,양천구,17,50대,5928
2026-04-15,영등포구,23,40대,3021
2026-04-15,송파구,06,30대,5577
2026-04-15,영등포구,18,10대,5298
2026-04-15,강서구,02,40대,421
2026-04-15,용산구,12,10대,3896
2026-04-15,관악구,07,20대,6072
2026-04-15,중구,19,50대,5422
2026-04-15,용산구,00,40대,844
2026-04-15,마포구,23,40대,3207
2026-04-15,강동구,15,50대,-
2026-04-15,서대문구,10,60대이상,2085
2026-04-15,노원구,12,50대,3883
2026-04-15,은평구,06,60대이상,1705
2026-04-15,영등포구,00,20대,3272
2026-04-15,구로구,18,10대,-
2026-04-15,도봉구,05,10대,650
2026-04-15,은평구,12,60대이상,4345
2026-04-15,마포구,11,60대이상,4738
2026-04-15,강서구,07,40대,1930
2026-04-15,강남구,18,50대,"10,622"
2026-04-15,금천구,14,10대,4999
2026-04-15,마포구,22,40대,2912
2026-04-15,관악구,01,50대,1830
2026-04-15,강서구,03,10대,533
2026-04-15,노원구,08,20대,3936
2026-04-15,영등포구,18,50대,5351
2026-04-15,용산구,02,10대,"1,179"
2026-04-15,강서구,11,10대,2566
2026-04-15,관악구,17,30대,6386
2026-04-15,도봉구,15,40대,2146
2026-04-15,서대문구,08,40대,2831
2026-04-15,금천구,11,50대,5300
2026-04-15,양천구,05,50대,1298
2026-04-15,동대문구,05,30대,703
2026-04-15,종로구,02,10대,1834
2026-04-15,송파구,17,50대,7444
2026-04-15,노원구,08,60대이상,3775
2026-04-15,강서구,11,20대,2027
2026-04-15,은평구,19,50대,3251
2026-04-15,은평구,11,40대,2768
2026-04-15,마포구,09,60대이상,5213
2026-04-15,송파구,22,60대이상,5638
2026-04-15,도봉구,16,10대,2127
2026-04-15,동작구,01,10대,420
2026-04-15,중랑구,21,40대,2781
2026-04-15,광진구,19,60대이상,3656
2026-04-15,은평구,19,30대,3804
2026-04-15,중랑구,09,30대,4234
2026-04-15,중랑구,04,30대,953
2026-04-15,관악구,15,60대이상,7171
2026-04-15,관악구,03,50대,1618
2026-04-15,성북구,21,20대,3064
2026-04-15,종로구,14,10대,3863
2026-04-15,중구,21,10대,3383
2026-04-15,강서구,05,10대,428
2026-04-15,서대문구,07,50대,2389
2026-04-15,광진구,18,20대,2693
2026-04-15,마포구,03,50대,2819
2026-04-15,관악구,23,10대,3979
2026-04-15,동작구,02,20대,465
2026-04-15,성동구,19,30대,5750
2026-04-15,동대문구,08,10대,3451
2026-04-15,도봉구,09,20대,2774
2026-04-15,중구,05,40대,1967
2026-04-15,강남구,15,50대,11653
2026-04-15,강서구,12,20대,2658
2026-04-15,종로구,18,40대,3827
2026-04-15,강동구,09,60대이상,3502
2026-04-15,서초구,04,30대,554
2026-04-15,중구,04,20대,1761
2026-04-15,중구,03,50대,1893
2026-04-15,관악구,23,60대이상,3620
2026-04-15,노원구,18,10대,4713
2026-04-15,동대문구,18,10대,2439
2026-04-15,마포구,23,10대,2855
2026-04-15,서초구,07,60대이상,1846
2026-04-15,양천구,07,10대,6037
2026-04-15,강동구,06,10대,1549
2026-04-15,동작구,08,30대,1733
2026-04-15,관악구,10,30대,5764
2026-04-15,은평구,08,10대,3600
2026-04-15,영등포구,22,50대,4603
2026-04-15,금천구,00,60대이상,949
2026-04-15,서초구,23,30대,1622
2026-04-15,관악구,22,50대,3944
2026-04-15,강동구,03,20대,513
2026-04-15,양천구,05,40대,909
2026-04-15,용산구,23,60대이상,2581
2026-04-15,중랑구,16,20대,4403
2026-04-15,도봉구,03,60대이상,611
2026-04-15,은평구,07,30대,3342
2026-04-15,구로구,16,10대,3673
2026-04-15,광진구,17,40대,3161
2026-04-15,강동구,13,50대,3550
2026-04-15,은평구,20,50대,2868
2026-04-15,강남구,21,50대,"4,884"
2026-04-15,관악구,06,60대이상,4880
2026-04-15,서초구,22,60대이상,1718
2026-04-15,도봉구,11,60대이상,2480
2026-04-15,도봉구,18,20대,3038
2026-04-15,서초구,09,30대,1967
2026-04-15,용산구,09,30대,4109
2026-04-15,송파구,23,40대,3722
2026-04-15,용산구,07,30대,4565
2026-04-15,도봉구,10,10대,2655
2026-04-15,서대문구,14,20대,2211
2026-04-15,노원구,08,30대,4217
2026-04-15,서대문구,08,10대,3176
2026-04-15,서대문구,07,60대이상,
2026-04-15,동작구,01,40대,352
2026-04-15,성북구,15,30대,-
2026-04-15,성동구,00,60대이상,
2026-04-15,종로구,01,60대이상,1704
2026-04-15,성북구,09,60대이상,4218
2026-04-15,강서구,03,20대,517
2026-04-15,구로구,12,20대,4463
2026-04-15,송파구,23,60대이상,"5,460"
2026-04-15,동대문구,07,30대,2583
2026-04-15,성동구,00,10대,973
2026-04-15,성동구,10,50대,3605
2026-04-15,용산구,08,40대,5407
2026-04-15,영등포구,04,40대,3501
2026-04-15,강서구,01,30대,453
2026-04-15,강남구,04,30대,5627
2026-04-15,동작구,13,30대,1823
2026-04-15,강동구,04,10대,728
2026-04-15,종로구,16,20대,3923
2026-04-15,종로구,18,10대,"4,813"
2026-04-15,강서구,22,60대이상,1098
2026-04-15,성북구,02,30대,1021
2026-04-15,은평구,03,40대,780
2026-04-15,강동구,04,20대,796
2026-04-15,강남구,11,30대,8129
2026-04-15,서대문구,03,20대,638
2026-04-15,도봉구,05,50대,448
2026-04-15,은평구,02,50대,869
2026-04-15,종로구,12,30대,-
2026-04-15,강북구,20,10대,2881
2026-04-15,구로구,16,50대,4602
2026-04-15,용산구,09,10대,"3,900"
2026-04-15,서초구,08,40대,2229
2026-04-15,중구,15,60대이상,3584
2026-04-15,서대문구,14,10대,3157
2026-04-15,종로구,06,10대,2429
2026-04-15,동대문구,05,40대,808
2026-04-15,광진구,16,30대,2613
2026-04-15,동대문구,18,20대,2926
2026-04-15,동작구,14,20대,1686
2026-04-15,도봉구,23,50대,1282
2026-04-15,송파구,14,10대,5777
2026-04-15,용산구,12,60대이상,4743
2026-04-15,종로구,15,40대,
2026-04-15,송파구,16,60대이상,7519
2026-04-15,종로구,23,50대,2071
2026-04-15,관악구,10,20대,5228
2026-04-15,중랑구,09,20대,5688
2026-04-15,강동구,23,10대,2120
2026-04-15,종로구,08,10대,5555
2026-04-15,종로구,21,10대,2711
2026-04-15,강서구,17,20대,"2,210"
2026-04-15,양천구,11,20대,"5,894"
2026-04-15,서초구,04,20대,425
2026-04-15,동작구,22,40대,1306
2026-04-15,강남구,01,40대,5229
2026-04-15,노원구,06,20대,2373
2026-04-15,중랑구,17,20대,"5,327"
2026-04-15,마포구,11,20대,"5,200"
2026-04-15,구로구,00,20대,997
2026-04-15,서대문구,18,10대,2938
2026-04-15,금천구,16,20대,4693
2026-04-15,양천구,06,50대,2266
2026-04-15,금천구,17,10대,4699
2026-04-15,동대문구,17,40대,"3,272"
2026-04-15,강서구,23,30대,"1,290"
2026-04-15,강남구,01,30대,4631
2026-04-15,영등포구,09,40대,"5,761"
2026-04-15,관악구,18,60대이상,5321
2026-04-15,강남구,17,20대,8931
2026-04-15,관악구,22,60대이상,3508
2026-04-15,중랑구,07,30대,5291
2026-04-15,용산구,03,60대이상,1013
2026-04-15,중구,15,30대,4623
2026-04-15,송파구,09,10대,5859
2026-04-15,금천구,17,30대,4668
2026-04-15,동작구,23,40대,1263
2026-04-15,관악구,06,40대,4462
2026-04-15,노원구,04,30대,765
2026-04-15,강남구,09,30대,10197
2026-04-15,성북구,03,40대,770
2026-04-15,금천구,10,30대,5427
2026-04-15,동대문구,03,60대이상,691000
2026-04-15,광진구,23,60대이상,2208
2026-04-15,양천구,21,10대,2385
2026-04-15,서대문구,12,20대,3307
2026-04-15,서대문구,20,50대,3138
2026-04-15,중구,10,50대,4477
2026-04-15,영등포구,13,20대,6904
2026-04-15,영등포구,17,20대,
2026-04-15,강남구,17,60대이상,11086
2026-04-15,동대문구,19,60대이상,
2026-04-15,양천구,01,40대,1058
2026-04-15,종로구,03,50대,1601
2026-04-15,은평구,07,60대이상,3086
2026-04-15,광진구,15,50대,2414
2026-04-15,강동구,13,10대,3458
2026-04-15,동작구,05,60대이상,484
2026-04-15,서대문구,21,10대,1572
2026-04-15,강남구,11,20대,10916
2026-04-15,송파구,02,60대이상,1534
2026-04-15,도봉구,21,30대,1610
2026-04-15,서대문구,17,40대,2280
2026-04-15,양천구,16,60대이상,5419
2026-04-15,중랑구,02,40대,1277
2026-04-15,노원구,03,50대,1174
2026-04-15,도봉구,12,50대,2162
2026-04-15,종로구,15,10대,4888
2026-04-15,동대문구,19,10대,-
2026-04-15,송파구,13,40대,9155
2026-04-15,광진구,08,60대이상,"3,515"
2026-04-15,동작구,00,30대,543
2026-04-15,중구,07,20대,5520
2026-04-15,성북구,00,60대이상,1199
2026-04-15,영등포구,06,50대,"3,403"
2026-04-15,동대문구,09,60대이상,
2026-04-15,노원구,22,30대,2529
2026-04-15,성동구,04,50대,1277
2026-04-15,동대문구,21,50대,1452
2026-04-15,서대문구,07,20대,"2,746"
2026-04-15,성북구,03,30대,1127
2026-04-15,강남구,12,40대,9897
2026-04-15,강북구,11,40대,2584
2026-04-15,중랑구,10,20대,4961
2026-04-15,양천구,19,60대이상,5118
2026-04-15,서대문구,13,40대,2653
2026-04-15,용산구,21,20대,3031
2026-04-15,동작구,17,10대,2231
2026-04-15,구로구,07,30대,3335
2026-04-15,구로구,22,30대,3038
2026-04-15,강남구,02,60대이상,5999
2026-04-15,광진구,20,60대이상,2485
2026-04-15,노원구,08,10대,"4,591"
2026-04-15,중랑구,12,30대,5415
2026-04-15,성동구,14,30대,4760
2026-04-15,은평구,20,20대,"3,881"
2026-04-15,도봉구,13,30대,1889
2026-04-15,성북구,06,10대,3281
2026-04-15,금천구,08,30대,"3,903"
2026-04-15,노원구,12,10대,5164
2026-04-15,양천구,18,40대,5043
2026-04-15,서초구,00,10대,525
2026-04-15,동대문구,01,30대,587
2026-04-15,동대문구,04,50대,792000
2026-04-15,서초구,16,20대,2049
2026-04-15,강서구,14,30대,"1,976"
2026-04-15,노원구,17,50대,4235
2026-04-15,강남구,19,40대,9908
2026-04-15,강남구,16,10대,7275
2026-04-15,영등포구,03,20대,3631
2026-04-15,양천구,12,10대,5541
2026-04-15,마포구,18,40대,5168
2026-04-15,서대문구,23,10대,2020
2026-04-15,서대문구,13,10대,"3,235"
2026-04-15,송파구,02,20대,1652
2026-04-15,양천구,19,50대,6168
2026-04-15,동대문구,09,40대,2627
2026-04-15,서대문구,16,20대,3453
2026-04-15,종로구,05,50대,1944
2026-04-15,동대문구,20,30대,3666
2026-04-15,강남구,11,40대,8837
2026-04-15,양천구,08,60대이상,5162
2026-04-15,강남구,16,40대,7688
2026-04-15,송파구,16,40대,9432
2026-04-15,성동구,18,60대이상,3688
2026-04-15,서초구,02,50대,417
2026-04-15,영등포구,03,30대,2711
2026-04-15,은평구,11,20대,3380
2026-04-15,강서구,11,30대,1719
2026-04-15,서대문구,07,50대,2389
2026-04-15,도봉구,07,40대,2292
2026-04-15,광진구,07,30대,3532
2026-04-15,영등포구,01,20대,3232
2026-04-15,성북구,20,60대이상,4037
2026-04-15,동대문구,17,10대,2368
2026-04-15,관악구,16,50대,5790
2026-04-15,구로구,11,60대이상,4492
2026-04-15,관악구,08,50대,7364
2026-04-15,중구,21,40대,"3,132"
2026-04-15,중랑구,19,60대이상,3878
2026-04-15,강동구,17,50대,2418
2026-04-15,성동구,02,40대,1229
2026-04-15,중랑구,13,50대,5826
2026-04-15,중랑구,17,40대,4563
2026-04-15,광진구,04,40대,1332
2026-04-15,마포구,17,20대,
2026-04-15,양천구,20,20대,4487
2026-04-15,도봉구,10,20대,1965
2026-04-15,광진구,10,60대이상,2609
2026-04-15,영등포구,16,30대,5449
2026-04-15,도봉구,17,30대,2725
2026-04-15,서대문구,10,10대,2770
2026-04-15,성동구,14,10대,-
2026-04-15,종로구,20,40대,4359
2026-04-15,구로구,14,40대,4596
2026-04-15,강북구,16,50대,3434
2026-04-15,성북구,22,20대,"2,348"
2026-04-15,양천구,08,50대,5442
2026-04-15,관악구,22,30대,3985
2026-04-15,용산구,08,50대,5138
2026-04-15,영등포구,14,10대,7162
2026-04-15,강북구,20,60대이상,2735
2026-04-15,중랑구,08,10대,5177
2026-04-15,서대문구,17,20대,3203
2026-04-15,영등포구,19,40대,6156
2026-04-15,중랑구,08,40대,"4,742"
2026-04-15,강동구,12,10대,"2,988"
2026-04-15,영등포구,03,60대이상,3358
2026-04-15,광진구,12,10대,3648
2026-04-15,금천구,07,20대,3902
2026-04-15,용산구,19,10대,3565
2026-04-15,동작구,17,30대,1773
2026-04-15,광진구,23,20대,1388
2026-04-15,강북구,21,20대,1698
2026-04-15,도봉구,05,60대이상,666
2026-04-15,서대문구,10,20대,3232
2026-04-15,양천구,10,30대,4560
2026-04-15,서초구,12,40대,2091
2026-04-15,동작구,17,20대,2194
2026-04-15,동대문구,08,30대,3441
2026-04-15,중구,18,20대,3768
2026-04-15,구로구,05,30대,715
2026-04-15,강서구,07,30대,2418
2026-04-15,마포구,12,20대,6191
2026-04-15,노원구,04,30대,765
2026-04-15,중구,15,40대,4860
2026-04-15,서초구,06,50대,1289
2026-04-15,송파구,06,10대,4071
2026-04-15,도봉구,07,50대,2354
2026-04-15,도봉구,06,10대,1819
2026-04-15,용산구,19,40대,5184
2026-04-15,성동구,18,10대,5483
2026-04-15,노원구,21,20대,2402
2026-04-15,강북구,14,40대,
2026-04-15,종로구,00,50대,-
2026-04-15,중구,08,60대이상,3906
2026-04-15,노원구,05,10대,841
2026-04-15,송파구,14,40대,6784
2026-04-15,강남구,09,10대,10024
2026-04-15,동작구,12,40대,1598
2026-04-15,양천구,14,50대,6114
2026-04-15,동대문구,14,60대이상,3431
2026-04-15,강서구,17,30대,2666
2026-04-15,강동구,10,10대,3297
2026-04-15,서초구,08,10대,2406
2026-04-15,마포구,12,10대,4486
2026-04-15,서초구,02,60대이상,567
2026-04-15,은평구,17,30대,3766
2026-04-15,영등포구,19,60대이상,5523
2026-04-15,강서구,01,20대,495
2026-04-15,서초구,20,20대,2425
2026-04-15,금천구,18,50대,4204
2026-04-15,노원구,16,10대,5381
2026-04-15,송파구,04,60대이상,1612
2026-04-15,노원구,06,60대이상,"2,738"
2026-04-15,용산구,23,40대,2139
2026-04-15,영등포구,02,30대,2484
2026-04-15,용산구,02,20대,991
2026-04-15,동대문구,17,30대,3260
2026-04-15,중구,12,50대,4787
2026-04-15,양천구,11,60대이상,5995
2026-04-15,강남구,00,40대,4019
2026-04-15,노원구,18,60대이상,"4,452"
2026-04-15,중구,12,40대,4039
2026-04-15,도봉구,22,60대이상,1614
2026-04-15,강서구,05,30대,535
2026-04-15,노원구,23,40대,2229
2026-04-15,도봉구,08,10대,-
2026-04-15,강동구,21,50대,1650
2026-04-15,양천구,18,60대이상,4088
2026-04-15,양천구,14,20대,4059
2026-04-15,영등포구,08,40대,7245
2026-04-15,동작구,09,30대,"2,331"
2026-04-15,동대문구,08,60대이상,3598
2026-04-15,종로구,07,10대,3377
2026-04-15,강남구,21,30대,6143
2026-04-15,강남구,23,10대,5447
2026-04-15,서대문구,15,10대,3000
2026-04-15,노원구,21,30대,2271
2026-04-15,서대문구,11,50대,3000
2026-04-15,관악구,08,20대,6822
2026-04-15,강서구,03,30대,-
2026-04-15,종로구,23,20대,2108
2026-04-15,강북구,16,60대이상,2469
2026-04-15,성북구,13,10대,-3863
2026-04-15,강북구,05,50대,670
2026-04-15,마포구,23,30대,3452
2026-04-15,도봉구,05,40대,664
2026-04-15,동대문구,18,40대,"3,326"
2026-04-15,중구,09,40대,
2026-04-15,동대문구,19,30대,3543
2026-04-15,관악구,02,50대,1627
2026-04-15,강북구,15,10대,3199
2026-04-15,송파구,06,40대,4688
2026-04-15,중구,00,10대,"1,931"
2026-04-15,송파구,14,60대이상,8663
2026-04-15,강북구,01,40대,638
2026-04-15,중구,05,10대,1313
2026-04-15,강북구,02,40대,663
2026-04-15,은평구,23,30대,2185
2026-04-15,성동구,15,30대,4223
2026-04-15,은평구,19,20대,3056
2026-04-15,영등포구,07,20대,"5,897"
2026-04-15,도봉구,05,30대,667
2026-04-15,광진구,15,60대이상,2967
2026-04-15,강동구,06,60대이상,2061
2026-04-15,금천구,07,50대,5286
2026-04-15,서대문구,02,40대,461
2026-04-15,은평구,17,60대이상,4235
2026-04-15,동작구,21,50대,1382
2026-04-15,금천구,15,30대,5337
2026-04-15,송파구,01,20대,"1,712"
2026-04-15,은평구,01,10대,960
2026-04-15,송파구,11,60대이상,9423
2026-04-15,동작구,07,60대이상,1757
2026-04-15,구로구,20,40대,3240
2026-04-15,마포구,18,50대,4291
2026-04-15,도봉구,18,60대이상,2913
2026-04-15,강서구,16,50대,2746
2026-04-15,금천구,23,30대,3292
2026-04-15,성동구,07,50대,4293
2026-04-15,금천구,01,10대,972
2026-04-15,성북구,13,40대,4983
2026-04-15,중랑구,20,10대,3871
2026-04-15,마포구,04,30대,4327
2026-04-15,종로구,11,10대,4339
2026-04-15,은평구,22,60대이상,1749
2026-04-15,광진구,02,30대,1175
2026-04-15,광진구,03,40대,"1,109"
2026-04-15,구로구,12,10대,4102
2026-04-15,금천구,03,20대,1040
2026-04-15,도봉구,03,50대,511
2026-04-15,성동구,20,50대,"5,635"
2026-04-15,광진구,12,20대,"3,321"
2026-04-15,서대문구,05,60대이상,
2026-04-15,강북구,10,20대,3374
2026-04-15,중구,08,30대,5121
2026-04-15,동작구,03,40대,548
2026-04-15,도봉구,10,40대,2468
2026-04-15,은평구,08,20대,3751
2026-04-15,종로구,09,20대,5284
2026-04-15,도봉구,14,40대,2754
2026-04-15,동대문구,04,40대,642000
2026-04-15,성동구,17,50대,5305
2026-04-15,송파구,02,30대,2027
2026-04-15,구로구,09,40대,3744
2026-04-15,성동구,17,60대이상,4341
2026-04-15,중랑구,07,60대이상,3660
2026-04-15,송파구,10,40대,
2026-04-15,서대문구,09,10대,3467
2026-04-15,영등포구,10,20대,7557
2026-04-15,마포구,19,60대이상,"5,918"
2026-04-15,관악구,04,10대,1350
2026-04-15,동작구,08,10대,"2,390"
2026-04-15,양천구,04,60대이상,1266
2026-04-15,금천구,18,60대이상,5287
2026-04-15,강북구,00,10대,782
2026-04-15,구로구,06,30대,1936
2026-04-15,종로구,02,30대,-1415
2026-04-15,중랑구,04,20대,890
2026-04-15,광진구,18,50대,2317
2026-04-15,성북구,18,10대,5234
2026-04-15,성북구,18,30대,"4,186"
2026-04-15,마포구,01,50대,3201
2026-04-15,마포구,09,30대,"5,369"
2026-04-15,성동구,02,60대이상,1264
2026-04-15,중랑구,20,50대,4604
2026-04-15,관악구,18,10대,"6,000"
2026-04-15,영등포구,20,60대이상,7909
2026-04-15,광진구,00,50대,1129
2026-04-15,강서구,15,40대,"2,399"
2026-04-15,강북구,12,30대,"3,459"
2026-04-15,금천구,08,40대,4631
2026-04-15,중랑구,01,60대이상,899
2026-04-15,성북구,09,50대,5469
2026-04-15,용산구,05,30대,886
2026-04-15,금천구,21,20대,2655
2026-04-15,마포구,14,60대이상,6099
2026-04-15,강서구,16,10대,2758
2026-04-15,성동구,15,40대,5798
2026-04-15,강남구,21,10대,4520
2026-04-15,서대문구,22,50대,1363
2026-04-15,송파구,20,10대,6260
2026-04-15,동작구,10,50대,1681
2026-04-15,종로구,12,60대이상,3637
2026-04-15,관악구,03,10대,1728
2026-04-15,노원구,22,40대,"2,067"
2026-04-15,광진구,19,40대,3359
2026-04-15,송파구,00,10대,1340
2026-04-15,양천구,05,30대,1010
2026-04-15,노원구,14,40대,4562
2026-04-15,노원구,07,50대,5292
2026-04-15,강북구,11,60대이상,2336
2026-04-15,중랑구,23,40대,2309
2026-04-15,동작구,19,10대,1696
2026-04-15,강남구,08,30대,11011
2026-04-15,양천구,16,30대,3957
2026-04-15,동대문구,18,50대,2971
2026-04-15,서대문구,13,60대이상,3432
2026-04-15,강동구,16,60대이상,2377
2026-04-15,광진구,01,20대,1638
2026-04-15,금천구,03,30대,828
2026-04-15,성동구,02,10대,"1,203"
2026-04-15,강북구,13,30대,2975
2026-04-15,서초구,21,50대,1498
2026-04-15,종로구,06,30대,2561
2026-04-15,강동구,23,50대,1716
2026-04-15,서초구,18,40대,2052
2026-04-15,송파구,01,40대,1983
2026-04-15,서초구,16,10대,2469
2026-04-15,서초구,03,50대,533
2026-04-15,강북구,14,20대,3077
2026-04-15,동작구,18,20대,2028
2026-04-15,송파구,17,60대이상,
2026-04-15,도봉구,05,20대,500
2026-04-15,도봉구,11,50대,2507
2026-04-15,노원구,23,20대,3011
2026-04-15,중랑구,20,50대,4604
2026-04-15,양천구,03,10대,1002
2026-04-15,광진구,09,20대,3528
2026-04-15,서초구,13,40대,2042
2026-04-15,광진구,16,50대,2518
2026-04-15,도봉구,01,20대,629
2026-04-15,강동구,04,30대,813
2026-04-15,서대문구,02,10대,658
2026-04-15,송파구,16,10대,7201
2026-04-15,강북구,00,20대,508
2026-04-15,중랑구,17,50대,4789
2026-04-15,송파구,12,50대,"9,282"
2026-04-15,도봉구,15,50대,2383
2026-04-15,강북구,04,10대,-
2026-04-15,노원구,07,60대이상,3928
2026-04-15,도봉구,19,20대,"2,275"
2026-04-15,마포구,17,50대,5699
2026-04-15,영등포구,06,60대이상,3478
2026-04-15,서초구,22,30대,-
2026-04-15,성북구,21,40대,2819
2026-04-15,강동구,22,10대,1683
2026-04-15,도봉구,07,30대,1929
2026-04-15,은평구,05,50대,821
2026-04-15,송파구,22,30대,3747
2026-04-15,송파구,04,40대,1987
2026-04-15,노원구,10,60대이상,4235
2026-04-15,마포구,12,60대이상,6519
2026-04-15,관악구,05,20대,1777
2026-04-15,송파구,18,30대,"7,212"
2026-04-15,중구,05,60대이상,1714
2026-04-15,용산구,07,40대,5560
2026-04-15,마포구,06,60대이상,3650
2026-04-15,강북구,17,20대,
2026-04-15,서초구,03,10대,524
2026-04-15,강서구,09,20대,1708
2026-04-15,양천구,22,50대,3218
2026-04-15,양천구,02,20대,949
2026-04-15,마포구,10,10대,6283
2026-04-15,영등포구,03,40대,3422
2026-04-15,강남구,07,40대,9399
2026-04-15,중구,12,30대,5289
2026-04-15,강동구,10,30대,2542
2026-04-15,송파구,07,40대,6105
2026-04-15,동대문구,00,30대,-
2026-04-15,광진구,10,40대,
2026-04-15,노원구,03,20대,995
2026-04-15,마포구,13,50대,6960
2026-04-15,서대문구,16,30대,2897
2026-04-15,동작구,01,60대이상,425
2026-04-15,구로구,09,60대이상,3388
2026-04-15,중랑구,11,60대이상,3605
2026-04-15,서초구,12,60대이상,2364
2026-04-15,중랑구,18,20대,5746
2026-04-15,종로구,12,60대이상,3637
2026-04-15,영등포구,05,40대,3518
2026-04-15,강남구,19,20대,9969
2026-04-15,강서구,21,20대,1231
2026-04-15,노원구,17,20대,5406
2026-04-15,마포구,06,50대,4154
2026-04-15,동대문구,13,10대,3050
2026-04-15,양천구,05,60대이상,1178
2026-04-15,광진구,14,30대,3165
2026-04-15,성동구,17,10대,3705
2026-04-15,노원구,14,50대,3468
2026-04-15,성북구,14,10대,5557
2026-04-15,노원구,21,10대,2171
2026-04-15,마포구,06,40대,3923
2026-04-15,강남구,06,20대,5855
2026-04-15,성동구,19,20대,"5,513"
2026-04-15,영등포구,20,20대,5897
2026-04-15,광진구,15,30대,-
2026-04-15,강동구,10,20대,3351
2026-04-15,성동구,09,10대,3865
2026-04-15,영등포구,12,60대이상,7110
2026-04-15,용산구,19,50대,-
2026-04-15,양천구,21,30대,"2,669"
2026-04-15,성동구,22,60대이상,2563
2026-04-15,마포구,05,50대,3967
2026-04-15,도봉구,08,40대,2368
2026-04-15,용산구,22,60대이상,2787
2026-04-15,관악구,09,60대이상,7406
2026-04-15,구로구,03,30대,1028
2026-04-15,중랑구,04,10대,928
2026-04-15,중구,10,60대이상,5510
2026-04-15,영등포구,23,10대,3729
2026-04-15,중랑구,00,50대,"1,312"
2026-04-15,동대문구,10,50대,3474
2026-04-15,성북구,04,30대,830
2026-04-15,마포구,02,50대,4305
2026-04-15,성북구,02,40대,824
2026-04-15,강서구,23,60대이상,1637
2026-04-15,마포구,09,50대,"4,642"
2026-04-15,마포구,01,20대,3567
2026-04-15,은평구,01,20대,930
2026-04-15,성동구,10,10대,4638
2026-04-15,성동구,08,20대,4014
2026-04-15,중랑구,13,40대,5473
2026-04-15,강남구,19,50대,11575
2026-04-15,마포구,10,50대,5799
2026-04-15,강남구,00,10대,5501
2026-04-15,동대문구,02,60대이상,502000
2026-04-15,강동구,01,30대,756
2026-04-15,서초구,15,30대,2328
2026-04-15,구로구,07,60대이상,3273
2026-04-15,도봉구,20,60대이상,2815
2026-04-15,구로구,06,10대,1936
2026-04-15,중구,19,30대,"4,430"
2026-04-15,동대문구,21,10대,"1,855"
2026-04-15,용산구,03,40대,
2026-04-15,구로구,23,30대,2242
2026-04-15,동대문구,00,50대,722
2026-04-15,마포구,06,20대,2912
2026-04-15,노원구,20,60대이상,3433
2026-04-15,은평구,04,50대,902
2026-04-15,종로구,10,50대,"3,446"
2026-04-15,은평구,21,60대이상,1937
2026-04-15,용산구,20,20대,"4,117"
2026-04-15,도봉구,21,50대,1646
2026-04-15,서대문구,06,40대,"1,378"
2026-04-15,마포구,10,20대,5998
2026-04-15,서초구,22,50대,-
2026-04-15,영등포구,19,50대,7023
2026-04-15,동작구,10,30대,2333
2026-04-15,동작구,05,10대,557
2026-04-15,광진구,06,40대,1506
2026-04-15,구로구,16,30대,5047
2026-04-15,중랑구,10,30대,4906
2026-04-15,구로구,05,50대,699
2026-04-15,동대문구,07,50대,"3,456"
2026-04-15,성동구,19,60대이상,4165
2026-04-15,관악구,06,20대,4477
2026-04-15,관악구,10,10대,8071
2026-04-15,강동구,20,50대,3637
2026-04-15,중구,14,50대,5217
2026-04-15,은평구,19,40대,2818
2026-04-15,강서구,10,50대,1825
2026-04-15,송파구,03,10대,1338
2026-04-15,노원구,09,20대,4569
2026-04-15,강북구,09,60대이상,3145
2026-04-15,성북구,17,10대,5555
2026-04-15,중구,21,20대,2179
2026-04-15,관악구,15,30대,"7,364"
2026-04-15,중랑구,03,20대,958
2026-04-15,종로구,23,20대,2108
2026-04-15,은평구,18,60대이상,
2026-04-15,송파구,01,30대,1345
2026-04-15,종로구,20,20대,
2026-04-15,성북구,18,50대,3522
2026-04-15,광진구,07,20대,3430
2026-04-15,강북구,07,60대이상,"3,186"
2026-04-15,서대문구,05,50대,670
2026-04-15,도봉구,09,50대,1945
2026-04-15,구로구,20,10대,4331
2026-04-15,금천구,00,60대이상,949
2026-04-15,양천구,22,60대이상,
2026-04-15,송파구,11,20대,
2026-04-15,송파구,06,50대,-
2026-04-15,구로구,11,30대,3214
2026-04-15,광진구,07,50대,3270
2026-04-15,동대문구,10,40대,3622
2026-04-15,중구,16,20대,5278
2026-04-15,강남구,00,50대,5102
2026-04-15,성동구,00,50대,809
2026-04-15,관악구,18,30대,6681
2026-04-15,동작구,03,10대,515
2026-04-15,강동구,12,40대,3678
2026-04-15,노원구,12,40대,3974
2026-04-15,용산구,01,20대,999
2026-04-15,강서구,14,60대이상,"2,164"
2026-04-15,종로구,10,40대,4642
2026-04-15,강북구,04,60대이상,540
2026-04-15,중구,16,30대,3988
2026-04-15,성북구,08,60대이상,4152
2026-04-15,송파구,20,20대,6943
2026-04-15,용산구,14,30대,5280
2026-04-15,종로구,17,10대,4450
2026-04-15,중랑구,16,10대,4569
2026-04-15,서대문구,11,60대이상,"3,426"
2026-04-15,동작구,10,40대,1894
2026-04-15,종로구,04,30대,1532
2026-04-15,광진구,08,10대,2979
2026-04-15,용산구,21,30대,2832
2026-04-15,양천구,10,20대,5401
2026-04-15,서대문구,00,10대,748
2026-04-15,강동구,08,30대,2516
2026-04-15,노원구,10,40대,5080
2026-04-15,동대문구,03,50대,615000
2026-04-15,강북구,01,60대이상,769
2026-04-15,성동구,16,40대,5090
2026-04-15,강동구,08,10대,"3,527"
2026-04-15,서초구,10,30대,2250
2026-04-15,금천구,13,30대,3407
2026-04-15,강북구,23,10대,1484
2026-04-15,동대문구,12,50대,2785
2026-04-15,중랑구,22,30대,-
2026-04-15,동작구,11,50대,2244
2026-04-15,서대문구,00,20대,481
2026-04-15,종로구,10,10대,3771
2026-04-15,노원구,20,20대,4647
2026-04-15,서대문구,10,50대,3183
2026-04-15,도봉구,00,60대이상,512
2026-04-15,양천구,00,40대,897
2026-04-15,은평구,20,30대,"3,304"
2026-04-15,구로구,00,10대,912
2026-04-15,광진구,14,60대이상,2836
2026-04-15,강남구,03,50대,4456
2026-04-15,성북구,13,30대,3753
2026-04-15,강동구,02,40대,819
2026-04-15,종로구,22,30대,2814
2026-04-15,강북구,02,60대이상,667
2026-04-15,도봉구,22,10대,1776
2026-04-15,구로구,18,30대,4094
2026-04-15,중구,12,10대,4826
2026-04-15,광진구,06,50대,2128
2026-04-15,동작구,16,40대,2141
2026-04-15,도봉구,07,20대,1976
2026-04-15,성동구,11,50대,4822
2026-04-15,종로구,15,30대,"4,431"
2026-04-15,광진구,08,60대이상,"3,515"
2026-04-15,성동구,20,10대,5265
2026-04-15,관악구,05,10대,1599
2026-04-15,구로구,18,40대,4560
2026-04-15,강동구,05,60대이상,787
2026-04-15,양천구,23,30대,2544
2026-04-15,중구,20,60대이상,4148
2026-04-15,마포구,17,40대,6512
2026-04-15,광진구,21,10대,1811
2026-04-15,송파구,12,30대,"7,727"
2026-04-15,강남구,03,30대,4896
2026-04-15,성북구,20,30대,4450
2026-04-15,강서구,07,30대,2418
2026-04-15,강동구,15,20대,3190
2026-04-15,성동구,13,60대이상,
2026-04-15,강남구,06,40대,6686
2026-04-15,구로구,18,20대,4020
2026-04-15,강남구,05,10대,4770
2026-04-15,성북구,03,40대,770
2026-04-15,중랑구,15,60대이상,3880
2026-04-15,강서구,12,60대이상,2700
2026-04-15,성북구,19,20대,4907
2026-04-15,광진구,02,50대,1027
2026-04-15,강북구,18,50대,3271
2026-04-15,성북구,11,40대,4601
2026-04-15,동대문구,06,10대,1791
2026-04-15,영등포구,07,10대,6728
2026-04-15,강남구,11,50대,10412
2026-04-15,송파구,20,60대이상,"7,781"
2026-04-15,종로구,17,40대,5537
2026-04-15,관악구,12,40대,6857
2026-04-15,중구,00,60대이상,1703
2026-04-15,중구,03,60대이상,1689
2026-04-15,구로구,19,30대,3806
2026-04-15,중구,14,30대,"4,012"
2026-04-15,양천구,15,50대,5422
2026-04-15,도봉구,02,20대,
2026-04-15,광진구,07,10대,2719
2026-04-15,양천구,21,40대,3687
2026-04-15,동작구,13,50대,-
2026-04-15,은평구,18,30대,4472
2026-04-15,금천구,17,10대,4699
2026-04-15,관악구,11,40대,"7,631"
2026-04-15,동대문구,09,20대,3617
2026-04-15,노원구,06,10대,2285
2026-04-15,마포구,08,30대,"4,673"
2026-04-15,강서구,01,60대이상,469
2026-04-15,강동구,03,10대,540
2026-04-15,양천구,00,50대,1355
2026-04-15,용산구,12,40대,4651
2026-04-15,금천구,05,40대,862
2026-04-15,마포구,14,30대,6241
2026-04-15,강동구,13,30대,3193
2026-04-15,강남구,23,40대,-6789
2026-04-15,강서구,13,50대,2425
2026-04-15,강남구,20,50대,7801
2026-04-15,송파구,19,30대,6447
2026-04-15,중구,03,20대,1654
2026-04-15,용산구,13,20대,
2026-04-15,광진구,03,30대,1612
2026-04-15,동대문구,13,60대이상,3073
2026-04-15,서초구,16,40대,2351
2026-04-15,강북구,18,40대,3587
2026-04-15,관악구,21,50대,3568
2026-04-15,중구,20,30대,4549
2026-04-15,영등포구,21,40대,3412
2026-04-15,성동구,04,30대,1177
2026-04-15,성북구,10,30대,4403
2026-04-15,마포구,00,40대,3774
2026-04-15,도봉구,04,60대이상,485
2026-04-15,종로구,22,20대,2056
2026-04-15,노원구,11,60대이상,4697
2026-04-15,서대문구,12,40대,
2026-04-15,서대문구,00,10대,748
2026-04-15,마포구,02,30대,2691
2026-04-15,강남구,08,50대,7927
2026-04-15,서초구,05,20대,387
2026-04-15,종로구,03,10대,1367
2026-04-15,용산구,22,40대,2389
2026-04-15,중구,05,50대,1864
2026-04-15,도봉구,06,30대,1415
2026-04-15,은평구,03,30대,741
2026-04-15,강남구,20,40대,"8,331"
2026-04-15,동대문구,15,40대,2999
2026-04-15,강동구,12,60대이상,2980
2026-04-15,용산구,11,30대,"3,698"
2026-04-15,노원구,19,60대이상,3477
2026-04-15,강동구,19,10대,2771
2026-04-15,송파구,23,30대,3679
2026-04-15,강남구,04,20대,4462
2026-04-15,송파구,18,20대,7972
2026-04-15,영등포구,00,40대,4062
2026-04-15,성북구,23,30대,2908
2026-04-15,강동구,02,20대,546
2026-04-15,구로구,14,30대,3666
2026-04-15,영등포구,15,20대,6696
2026-04-15,광진구,18,10대,2785
2026-04-15,용산구,20,40대,"5,211"
2026-04-15,동대문구,00,10대,799
2026-04-15,노원구,12,10대,5164
2026-04-15,송파구,11,40대,6293
2026-04-15,용산구,18,10대,5453
2026-04-15,관악구,09,40대,
2026-04-15,금천구,02,60대이상,827
2026-04-15,관악구,11,20대,
2026-04-15,동작구,17,60대이상,2231
2026-04-15,성북구,07,20대,5516
2026-04-15,강북구,16,10대,2590
2026-04-15,강서구,13,50대,2425
2026-04-15,양천구,08,40대,"5,560"
2026-04-15,은평구,17,50대,3434
2026-04-15,은평구,23,50대,1780
2026-04-15,송파구,15,60대이상,"9,177"
2026-04-15,영등포구,10,30대,5306
2026-04-15,양천구,02,50대,-
2026-04-15,관악구,03,30대,1822
2026-04-15,서초구,18,30대,1903
2026-04-15,은평구,21,10대,2432
2026-04-15,강북구,22,30대,1679
2026-04-15,강동구,16,50대,2759
2026-04-15,서초구,04,10대,446
2026-04-15,강동구,05,10대,672
2026-04-15,서대문구,14,30대,3466
2026-04-15,관악구,16,40대,6988
2026-04-15,구로구,06,60대이상,1925
2026-04-15,강서구,08,50대,2757
2026-04-15,중랑구,14,40대,5770
2026-04-15,송파구,18,10대,6404
2026-04-15,관악구,15,10대,7239
2026-04-15,용산구,03,10대,1075
2026-04-15,구로구,13,40대,3722
2026-04-15,강서구,21,60대이상,1569
2026-04-15,성북구,15,40대,5720
2026-04-15,송파구,10,10대,"8,947"
2026-04-15,종로구,13,20대,5213
2026-04-15,강서구,19,10대,2322
2026-04-15,양천구,18,20대,4379
2026-04-15,성동구,17,30대,4529
2026-04-15,도봉구,04,30대,665
2026-04-15,양천구,00,30대,-
2026-04-15,마포구,04,60대이상,3003
2026-04-15,강북구,00,60대이상,690
2026-04-15,강서구,05,50대,475
2026-04-15,서초구,05,40대,423
2026-04-15,종로구,00,20대,1877
2026-04-15,성북구,12,50대,5695
2026-04-15,종로구,03,40대,1437
2026-04-15,강남구,03,60대이상,5731
2026-04-15,강서구,14,20대,2320
2026-04-15,관악구,10,50대,7194
2026-04-15,강남구,12,50대,10132
2026-04-15,성동구,05,20대,1070
2026-04-15,성동구,20,60대이상,4431
2026-04-15,양천구,10,30대,4560
2026-04-15,도봉구,23,40대,"1,252"
2026-04-15,구로구,23,20대,3071
2026-04-15,금천구,06,50대,3349
2026-04-15,성북구,02,50대,1204
2026-04-15,강동구,07,20대,3366
2026-04-15,강남구,09,20대,10287
2026-04-15,금천구,13,60대이상,3554
2026-04-15,종로구,00,10대,2127
2026-04-15,성북구,03,20대,908
2026-04-15,양천구,08,10대,"3,927"
2026-04-15,은평구,15,50대,2799
2026-04-15,양천구,00,60대이상,1006
2026-04-15,은평구,15,40대,3865
2026-04-15,양천구,16,20대,5879
2026-04-15,금천구,12,60대이상,3813
2026-04-15,금천구,23,40대,2452
2026-04-15,강남구,12,60대이상,-9990
2026-04-15,용산구,13,50대,"4,764"
2026-04-15,금천구,19,20대,5493
2026-04-15,금천구,08,50대,"4,256"
2026-04-15,서초구,07,40대,"2,585"
2026-04-15,노원구,06,50대,3107
2026-04-15,영등포구,05,20대,2511
2026-04-15,영등포구,04,50대,3843
2026-04-15,마포구,21,50대,2626
2026-04-15,용산구,09,20대,4451
2026-04-15,구로구,15,30대,"3,971"
2026-04-15,노원구,14,10대,4826
2026-04-15,서대문구,22,40대,1714
2026-04-15,영등포구,11,50대,5758
2026-04-15,강동구,09,10대,"2,487"
2026-04-15,양천구,07,30대,4669
2026-04-15,금천구,14,30대,4586
2026-04-15,강동구,01,50대,702
2026-04-15,동작구,00,50대,-
2026-04-15,서대문구,19,10대,3186
2026-04-15,성북구,10,20대,5239
2026-04-15,강남구,16,60대이상,11343
2026-04-15,성북구,06,60대이상,2504
2026-04-15,관악구,01,20대,1869
2026-04-15,금천구,00,20대,1190
2026-04-15,강서구,15,50대,1689
2026-04-15,강서구,10,30대,1923
2026-04-15,동대문구,21,40대,1693
2026-04-15,금천구,20,10대,3837
2026-04-15,양천구,06,20대,3055
2026-04-15,양천구,06,40대,2336
2026-04-15,강남구,14,40대,10647
2026-04-15,광진구,13,10대,-
2026-04-15,서초구,03,20대,635
2026-04-15,동작구,16,10대,1683
2026-04-15,서초구,12,50대,"1,959"
2026-04-15,은평구,00,20대,732
2026-04-15,동작구,16,30대,2195
2026-04-15,구로구,11,20대,4609
2026-04-15,영등포구,09,20대,"6,487"
2026-04-15,성동구,22,10대,3124
2026-04-15,금천구,00,10대,844
2026-04-15,동대문구,11,60대이상,2524
2026-04-15,구로구,11,40대,4806
2026-04-15,중구,16,60대이상,4622
2026-04-15,마포구,11,40대,6838
2026-04-15,동작구,10,10대,2399
2026-04-15,은평구,10,40대,3080
2026-04-15,도봉구,00,20대,597
2026-04-15,마포구,04,50대,"4,110"
2026-04-15,성북구,09,10대,"5,328"
2026-04-15,마포구,01,40대,3306
2026-04-15,동작구,19,20대,1960
2026-04-15,마포구,08,50대,5058
2026-04-15,구로구,19,40대,"3,235"
2026-04-15,중구,23,60대이상,2510
2026-04-15,구로구,17,60대이상,3367
2026-04-15,관악구,14,40대,7597
2026-04-15,노원구,03,60대이상,1139
2026-04-15,중랑구,19,50대,5575
2026-04-15,동대문구,07,60대이상,3724
2026-04-15,성동구,08,40대,4808
2026-04-15,노원구,23,60대이상,2781
2026-04-15,동작구,15,40대,2173
2026-04-15,노원구,17,60대이상,5324
2026-04-15,동작구,12,30대,2243
2026-04-15,종로구,15,20대,4220
2026-04-15,도봉구,19,30대,2952
2026-04-15,종로구,15,60대이상,3596
2026-04-15,광진구,13,30대,3385
2026-04-15,종로구,19,50대,3983
2026-04-15,중랑구,13,10대,5541
2026-04-15,금천구,14,40대,4830
2026-04-15,광진구,15,20대,2512
2026-04-15,마포구,03,30대,3290
2026-04-15,중구,00,30대,2126
2026-04-15,도봉구,17,10대,2406
2026-04-15,강남구,12,30대,9501
2026-04-15,마포구,14,10대,6606
2026-04-15,중구,20,40대,5268
2026-04-15,은평구,18,40대,
2026-04-15,구로구,20,60대이상,3575
2026-04-15,금천구,18,30대,"4,309"
2026-04-15,중구,18,40대,
2026-04-15,강북구,06,30대,1833
2026-04-15,강동구,07,60대이상,2950
2026-04-15,관악구,11,30대,7201
2026-04-15,종로구,23,40대,2504
2026-04-15,강남구,01,10대,5977
2026-04-15,성동구,01,20대,976
2026-04-15,송파구,19,20대,7671
2026-04-15,은평구,17,20대,"4,516"
2026-04-15,서대문구,14,60대이상,2410
2026-04-15,영등포구,14,30대,6438
2026-04-15,서대문구,04,30대,489
2026-04-15,강서구,04,10대,443
2026-04-15,금천구,07,10대,5110
2026-04-15,강서구,23,50대,-
2026-04-15,종로구,13,40대,4215
2026-04-15,구로구,16,60대이상,3203
2026-04-15,중랑구,03,10대,"1,114"
2026-04-15,마포구,14,40대,5375
2026-04-15,광진구,13,20대,3747
2026-04-15,서초구,01,40대,458
2026-04-15,강남구,08,10대,11414
2026-04-15,광진구,16,20대,3510
2026-04-15,노원구,00,10대,874
2026-04-15,동대문구,06,50대,2050
2026-04-15,동대문구,09,30대,2933
2026-04-15,구로구,13,30대,"3,663"
2026-04-15,종로구,20,30대,3662
2026-04-15,광진구,11,30대,3653
2026-04-15,도봉구,16,40대,2751
2026-04-15,중구,12,40대,4039
2026-04-15,용산구,22,20대,
2026-04-15,강남구,22,40대,6721
2026-04-15,송파구,09,20대,
2026-04-15,강서구,07,60대이상,1902
2026-04-15,금천구,19,60대이상,3470
2026-04-15,은평구,22,50대,-
2026-04-15,은평구,09,60대이상,2952
2026-04-15,강북구,03,50대,695
2026-04-15,성동구,05,50대,882
2026-04-15,송파구,13,30대,7891
2026-04-15,서초구,17,40대,2265
2026-04-15,금천구,01,30대,1047
2026-04-15,성북구,20,10대,5221
2026-04-15,강북구,15,30대,3381
2026-04-15,도봉구,02,30대,550
2026-04-15,성동구,04,40대,871
2026-04-15,관악구,12,50대,-
2026-04-15,영등포구,22,30대,3841
2026-04-15,용산구,14,60대이상,3833
2026-04-15,서대문구,06,50대,1308
2026-04-15,영등포구,00,50대,3583
2026-04-15,서대문구,13,30대,-2231
2026-04-15,금천구,14,50대,4871
2026-04-15,강서구,18,40대,2194
2026-04-15,은평구,22,30대,1951
2026-04-15,송파구,06,10대,4071
2026-04-15,마포구,17,30대,5487
2026-04-15,강북구,08,60대이상,2605
2026-04-15,서대문구,17,30대,2779
2026-04-15,동작구,20,50대,1849
2026-04-15,강남구,20,10대,8334
2026-04-15,중구,01,40대,1320
2026-04-15,관악구,10,60대이상,"6,977"
2026-04-15,서대문구,00,50대,603
2026-04-15,송파구,13,20대,"7,808"
2026-04-15,구로구,04,50대,947
2026-04-15,강남구,22,10대,"5,637"
2026-04-15,용산구,07,20대,5399
2026-04-15,광진구,17,40대,3161
2026-04-15,동대문구,08,40대,2343
2026-04-15,은평구,04,60대이상,778
2026-04-15,동작구,20,10대,1940
2026-04-15,광진구,05,40대,1562
2026-04-15,종로구,10,40대,4642
2026-04-15,중랑구,23,20대,3557
2026-04-15,종로구,02,30대,-1415
2026-04-15,동대문구,17,50대,3379
2026-04-15,서초구,14,60대이상,2044
2026-04-15,중구,15,40대,4860
2026-04-15,중랑구,10,10대,4168
2026-04-15,강동구,19,60대이상,3577
2026-04-15,성동구,10,60대이상,4197
2026-04-15,종로구,20,60대이상,4991
2026-04-15,용산구,04,60대이상,1206
2026-04-15,강서구,06,20대,"1,095"
2026-04-15,중랑구,05,10대,966
2026-04-15,용산구,05,10대,1164
2026-04-15,강남구,17,10대,9848
2026-04-15,도봉구,19,60대이상,1936
2026-04-15,중구,05,20대,2121
2026-04-15,성동구,10,30대,"5,396"
2026-04-15,동작구,11,30대,1877
2026-04-15,성동구,06,60대이상,3566
2026-04-15,종로구,22,10대,2429
2026-04-15,영등포구,07,50대,7613
2026-04-15,관악구,11,50대,"5,518"
2026-04-15,서초구,12,30대,2399
2026-04-15,양천구,12,30대,3712
2026-04-15,동대문구,20,60대이상,3391
2026-04-15,은평구,13,10대,2874
2026-04-15,영등포구,11,60대이상,7454
2026-04-15,양천구,03,30대,918
2026-04-15,관악구,19,10대,7339
2026-04-15,강남구,07,20대,"11,220"
2026-04-15,양천구,00,20대,1184
2026-04-15,강동구,09,30대,3525
2026-04-15,동작구,07,10대,"1,745"
2026-04-15,중랑구,11,20대,5747
2026-04-15,강북구,06,50대,1860
2026-04-15,서초구,15,40대,1991
2026-04-15,영등포구,12,10대,6267
2026-04-15,은평구,02,10대,-
2026-04-15,노원구,14,60대이상,4363
2026-04-15,영등포구,15,40대,4888
2026-04-15,마포구,18,20대,6672
2026-04-15,서초구,22,40대,1102
2026-04-15,강서구,20,50대,"2,353"
2026-04-15,금천구,13,10대,"4,328"
2026-04-15,강남구,00,30대,5307
2026-04-15,동작구,04,50대,398
2026-04-15,종로구,23,10대,2194
2026-04-15,노원구,05,60대이상,1061
2026-04-15,종로구,19,60대이상,4539
2026-04-15,종로구,12,40대,4176
2026-04-15,노원구,09,30대,3665
2026-04-15,중랑구,18,10대,4425
2026-04-15,강북구,08,10대,"2,708"
2026-04-15,광진구,04,40대,1332
2026-04-15,노원구,01,60대이상,921
2026-04-15,동대문구,04,60대이상,629000
2026-04-15,마포구,07,20대,"4,504"
2026-04-15,광진구,11,60대이상,3180
2026-04-15,영등포구,21,20대,4455
2026-04-15,광진구,16,40대,2365
2026-04-15,용산구,20,10대,4768
2026-04-15,송파구,12,10대,9189
2026-04-15,구로구,18,50대,3178
2026-04-15,용산구,05,50대,1004
2026-04-15,종로구,00,30대,2036
2026-04-15,성북구,08,20대,"3,991"
2026-04-15,노원구,05,50대,1013
2026-04-15,동작구,21,20대,1087
2026-04-15,중구,19,10대,5434
2026-04-15,송파구,21,60대이상,4959
2026-04-15,영등포구,14,20대,6307
2026-04-15,도봉구,17,50대,2697
2026-04-15,도봉구,21,20대,1322
2026-04-15,서대문구,05,40대,637
2026-04-15,구로구,14,60대이상,4682
2026-04-15,노원구,20,10대,4779
2026-04-15,영등포구,08,10대,6970
2026-04-15,금천구,07,40대,3892
2026-04-15,노원구,13,20대,5417
2026-04-15,송파구,11,30대,8769
2026-04-15,용산구,20,50대,5143
2026-04-15,용산구,21,40대,3223
2026-04-15,강서구,14,50대,"2,580"
2026-04-15,관악구,00,30대,1411
2026-04-15,강동구,16,10대,3120
2026-04-15,서초구,18,60대이상,2416
2026-04-15,강서구,08,10대,2681
2026-04-15,은평구,01,30대,631
2026-04-15,서초구,07,20대,2088
2026-04-15,마포구,04,40대,3853
2026-04-15,노원구,20,30대,3916
2026-04-15,서초구,09,50대,"2,118"
2026-04-15,광진구,16,60대이상,2727
2026-04-15,중랑구,17,60대이상,3842
2026-04-15,중랑구,13,40대,5473
2026-04-15,강동구,18,10대,2821
2026-04-15,송파구,07,30대,8802
2026-04-15,노원구,02,20대,800
2026-04-15,중랑구,23,50대,3467
2026-04-15,송파구,01,30대,1345
2026-04-15,중구,12,20대,4134
2026-04-15,강서구,19,20대,2276
2026-04-15,성북구,22,30대,3408
2026-04-15,금천구,15,20대,5435
2026-04-15,동작구,05,50대,554
2026-04-15,강북구,10,10대,-
2026-04-15,송파구,16,50대,-
2026-04-15,동작구,21,60대이상,
2026-04-15,도봉구,10,30대,1971
2026-04-15,강북구,23,20대,2125
2026-04-15,서대문구,23,50대,1747
2026-04-15,중랑구,13,60대이상,5991
2026-04-15,영등포구,05,50대,2514
2026-04-15,강동구,18,50대,3154
2026-04-15,성북구,11,20대,-4066
2026-04-15,강동구,03,50대,720
2026-04-15,성북구,00,50대,"1,128"
2026-04-15,동작구,23,20대,
2026-04-15,동대문구,01,60대이상,738
2026-04-15,양천구,01,60대이상,1009
2026-04-15,도봉구,13,20대,3117
2026-04-15,금천구,05,20대,1206
2026-04-15,송파구,03,40대,1293
2026-04-15,동작구,06,30대,1514
2026-04-15,강동구,09,50대,"2,482"
2026-04-15,서대문구,05,40대,637
2026-04-15,성동구,15,10대,4845
2026-04-15,용산구,04,30대,1182
2026-04-15,금천구,03,50대,1125
2026-04-15,도봉구,13,60대이상,2847
2026-04-15,동대문구,20,40대,3383
2026-04-15,강서구,06,40대,1049
2026-04-15,강동구,21,20대,2099
2026-04-15,용산구,07,60대이상,3558
2026-04-15,관악구,00,60대이상,1131
2026-04-15,서초구,15,20대,2750
2026-04-15,노원구,14,30대,3382
2026-04-15,광진구,01,30대,1337
2026-04-15,용산구,23,60대이상,2581
2026-04-15,마포구,21,60대이상,4116
2026-04-15,중구,17,50대,5557
2026-04-15,은평구,14,20대,4226
2026-04-15,강남구,14,60대이상,9640
2026-04-15,은평구,08,30대,2838
2026-04-15,도봉구,04,10대,-
2026-04-15,중랑구,01,30대,1225
2026-04-15,관악구,02,30대,1345
2026-04-15,광진구,12,50대,3784
2026-04-15,금천구,10,40대,4782
2026-04-15,동작구,14,10대,-
2026-04-15,중구,11,40대,4934
2026-04-15,은평구,14,40대,3352
2026-04-15,서초구,19,10대,2073
2026-04-15,동대문구,12,40대,2449
2026-04-15,동작구,13,30대,1823
2026-04-15,송파구,20,30대,5822
2026-04-15,도봉구,01,10대,448
2026-04-15,마포구,04,10대,3262
2026-04-15,노원구,19,30대,4720
2026-04-15,송파구,02,40대,1328
2026-04-15,성동구,10,20대,4784
2026-04-15,용산구,15,60대이상,4127
2026-04-15,서초구,15,60대이상,2022
2026-04-15,구로구,06,50대,2371
2026-04-15,송파구,23,50대,3636
2026-04-15,성북구,11,50대,4127
2026-04-15,영등포구,10,50대,6626
2026-04-15,영등포구,20,50대,6571
2026-04-15,종로구,14,20대,4717
2026-04-15,광진구,09,30대,2291
2026-04-15,중랑구,04,40대,1024
2026-04-15,강북구,20,40대,3042
2026-04-15,성동구,21,30대,"2,348"
2026-04-15,구로구,05,10대,833
2026-04-15,중구,22,40대,2466
2026-04-15,동작구,03,30대,570
2026-04-15,노원구,10,10대,"3,338"
2026-04-15,노원구,12,60대이상,5116
2026-04-15,강북구,21,40대,2112
2026-04-15,서초구,02,30대,607
2026-04-15,송파구,02,50대,1760
2026-04-15,구로구,02,60대이상,688
2026-04-15,서대문구,16,10대,2727
2026-04-15,양천구,03,40대,906
2026-04-15,서초구,14,10대,2857
2026-04-15,관악구,03,40대,1208
2026-04-15,송파구,22,40대,5594
2026-04-15,동대문구,13,60대이상,3073
2026-04-15,동작구,02,40대,541
2026-04-15,노원구,02,60대이상,827
2026-04-15,영등포구,22,20대,3716
2026-04-15,강서구,11,60대이상,1935
2026-04-15,성북구,10,60대이상,3726
2026-04-15,강남구,17,50대,11006
2026-04-15,관악구,19,60대이상,5672
2026-04-15,성북구,06,40대,"3,024"
2026-04-15,서대문구,12,30대,2681
2026-04-15,양천구,01,10대,-
2026-04-15,도봉구,14,30대,2996
2026-04-15,강서구,19,60대이상,"2,588"
2026-04-15,노원구,17,30대,4399
2026-04-15,양천구,06,60대이상,3400
2026-04-15,영등포구,08,30대,7655
2026-04-15,구로구,10,50대,4956
2026-04-15,관악구,13,10대,8265
2026-04-15,은평구,13,40대,4333
2026-04-15,중랑구,07,30대,5291
2026-04-15,강북구,08,30대,3552
2026-04-15,성북구,11,40대,4601
2026-04-15,중구,18,10대,5671
2026-04-15,성동구,18,20대,4113
2026-04-15,관악구,12,30대,6727
2026-04-15,강동구,07,60대이상,2950
2026-04-15,금천구,18,10대,5234
2026-04-15,은평구,09,50대,3002
2026-04-15,중구,08,10대,4847
2026-04-15,도봉구,03,10대,476
2026-04-15,관악구,04,30대,1876
2026-04-15,광진구,23,40대,1375
2026-04-15,강동구,11,20대,2808
2026-04-15,은평구,05,20대,939
2026-04-15,동작구,23,60대이상,1453
2026-04-15,양천구,23,20대,"3,644"
2026-04-15,용산구,12,30대,4466
2026-04-15,마포구,21,20대,3625
2026-04-15,양천구,04,20대,874
2026-04-15,송파구,03,30대,1947
2026-04-15,강북구,23,10대,1484
2026-04-15,동작구,14,20대,1686
2026-04-15,종로구,15,50대,3458
2026-04-15,강북구,12,20대,2634
2026-04-15,동대문구,21,60대이상,1633
2026-04-15,중구,02,10대,1866
2026-04-15,동작구,02,10대,562
2026-04-15,동작구,06,10대,944
2026-04-15,종로구,10,30대,"4,698"
2026-04-15,중구,02,50대,-
2026-04-15,강동구,18,30대,3223
2026-04-15,양천구,21,50대,2837
2026-04-15,동대문구,02,10대,596000
2026-04-15,성북구,22,10대,2429
2026-04-15,동작구,00,60대이상,465
2026-04-15,성동구,03,10대,1280
2026-04-15,영등포구,05,10대,2810
2026-04-15,은평구,11,60대이상,3636
2026-04-15,관악구,16,20대,6566
2026-04-15,강서구,00,30대,588
2026-04-15,중랑구,11,10대,5384
2026-04-15,강동구,17,40대,3409
2026-04-15,중구,21,50대,-
2026-04-15,종로구,07,30대,4441
2026-04-15,도봉구,00,50대,569
2026-04-15,성동구,13,40대,5895
2026-04-15,용산구,17,30대,"3,646"
2026-04-15,성북구,00,10대,1090
2026-04-15,중랑구,06,40대,2896
2026-04-15,관악구,09,30대,8388
2026-04-15,서대문구,12,10대,"2,737"
2026-04-15,강북구,13,20대,3408
2026-04-15,성동구,04,60대이상,857
2026-04-15,도봉구,13,10대,3050
2026-04-15,금천구,06,60대이상,2681
2026-04-15,광진구,23,30대,1696
2026-04-15,중구,16,40대,
2026-04-15,강남구,21,20대,6341
2026-04-15,은평구,16,50대,3715
2026-04-15,영등포구,00,30대,3962
2026-04-15,송파구,07,60대이상,5778
2026-04-15,종로구,09,40대,4677
2026-04-15,성동구,15,20대,4733
2026-04-15,서초구,04,50대,485
2026-04-15,도봉구,23,20대,1689
2026-04-15,도봉구,03,30대,470
2026-04-15,서초구,20,40대,1962
2026-04-15,도봉구,06,60대이상,1673
2026-04-15,서대문구,04,40대,658
2026-04-15,동대문구,05,10대,797
2026-04-15,도봉구,13,50대,2952
2026-04-15,강동구,21,60대이상,1711
2026-04-15,강남구,07,30대,10947
2026-04-15,강동구,07,30대,"2,894"
2026-04-15,영등포구,06,30대,3956
2026-04-15,용산구,12,40대,4651
2026-04-15,노원구,19,20대,5531
2026-04-15,관악구,08,60대이상,6608
2026-04-15,구로구,03,10대,906
2026-04-15,강북구,21,60대이상,1764
2026-04-15,종로구,04,60대이상,1676
2026-04-15,종로구,08,50대,4235
2026-04-15,강남구,00,60대이상,4207
2026-04-15,성동구,18,50대,5383
2026-04-15,동작구,12,20대,1993
2026-04-15,송파구,11,50대,6902
2026-04-15,동대문구,03,40대,561000
2026-04-15,성북구,11,60대이상,4076
2026-04-15,중랑구,18,40대,4950
2026-04-15,중랑구,04,60대이상,
2026-04-15,중구,03,40대,2101
2026-04-15,노원구,21,40대,2460
2026-04-15,서초구,00,20대,479
2026-04-15,도봉구,18,50대,"3,128"
2026-04-15,동대문구,15,20대,2312
2026-04-15,종로구,19,20대,4272
2026-04-15,도봉구,14,50대,2886
2026-04-15,종로구,18,50대,5398
2026-04-15,관악구,06,10대,3925
2026-04-15,성동구,01,60대이상,837
2026-04-15,성북구,04,40대,1108
2026-04-15,동대문구,23,40대,1515
2026-04-15,서대문구,21,60대이상,
2026-04-15,용산구,09,40대,5362
2026-04-15,성북구,04,10대,986
2026-04-15,영등포구,17,10대,7675
2026-04-15,은평구,15,30대,3503
2026-04-15,강동구,18,60대이상,2736
2026-04-15,구로구,13,10대,-
2026-04-15,중랑구,03,30대,"1,207"
2026-04-15,마포구,09,60대이상,5213
2026-04-15,동작구,02,50대,526
2026-04-15,도봉구,19,10대,2998
2026-04-15,서초구,19,20대,"2,565"
2026-04-15,마포구,17,20대,
2026-04-15,은평구,23,10대,2209
2026-04-15,도봉구,22,30대,1556
2026-04-15,동대문구,11,20대,3188
2026-04-15,송파구,03,20대,1615
2026-04-15,관악구,22,20대,3744
2026-04-15,중구,04,40대,1738
2026-04-15,노원구,10,50대,5529
2026-04-15,중랑구,19,40대,5251
2026-04-15,동대문구,22,50대,1698
2026-04-15,강남구,02,40대,4341
2026-04-15,송파구,21,40대,4559
2026-04-15,도봉구,12,60대이상,2539
2026-04-15,관악구,16,10대,7466
2026-04-15,서초구,21,10대,"1,502"
2026-04-15,강서구,11,50대,-2453
2026-04-15,강동구,15,60대이상,3355
2026-04-15,서대문구,19,30대,3103
2026-04-15,강북구,00,30대,535
2026-04-15,중구,13,60대이상,4327
2026-04-15,강동구,09,20대,
2026-04-15,강서구,00,10대,421
2026-04-15,강서구,02,10대,416
2026-04-15,용산구,04,20대,989
2026-04-15,서초구,08,60대이상,2653
2026-04-15,서대문구,16,50대,-
2026-04-15,금천구,15,50대,3862
2026-04-15,성동구,08,10대,"4,549"
2026-04-15,강동구,11,50대,3113
2026-04-15,동작구,01,50대,409
2026-04-15,마포구,10,60대이상,6584
2026-04-15,양천구,19,10대,4763
2026-04-15,중랑구,11,50대,5836
2026-04-15,성북구,15,20대,4755
2026-04-15,성동구,06,20대,"3,289"
2026-04-15,성동구,14,20대,"4,605"
2026-04-15,관악구,14,30대,5949
2026-04-15,송파구,18,60대이상,6231
2026-04-15,강동구,15,10대,2331
2026-04-15,노원구,02,50대,-
2026-04-15,종로구,10,20대,5578
2026-04-15,중랑구,09,10대,3816
2026-04-15,강서구,22,40대,1499
2026-04-15,용산구,10,20대,"3,593"
2026-04-15,중랑구,00,40대,808
2026-04-15,서대문구,10,50대,3183
2026-04-15,중랑구,12,10대,5239
2026-04-15,성동구,21,50대,"3,008"
2026-04-15,중구,13,40대,"4,688"
2026-04-15,금천구,11,10대,5223
2026-04-15,금천구,00,40대,1189
2026-04-15,동대문구,08,40대,2343
2026-04-15,강남구,05,20대,4195
2026-04-15,동작구,23,30대,982
2026-04-15,양천구,15,20대,4785
2026-04-15,성동구,14,40대,
2026-04-15,금천구,04,20대,870
2026-04-15,강남구,10,50대,"8,932"
2026-04-15,마포구,15,30대,4524
2026-04-15,영등포구,08,40대,7245
2026-04-15,종로구,05,60대이상,1642
2026-04-15,용산구,02,40대,953
2026-04-15,관악구,08,30대,5432
2026-04-15,광진구,20,20대,2974
2026-04-15,성북구,16,40대,3795
2026-04-15,도봉구,11,40대,2228
2026-04-15,은평구,18,60대이상,
2026-04-15,송파구,19,10대,7868
2026-04-15,강북구,22,40대,1450
2026-04-15,중랑구,08,10대,5177
2026-04-15,용산구,13,60대이상,5193
2026-04-15,관악구,19,40대,7128
2026-04-15,서초구,14,40대,"2,355"
2026-04-15,강동구,22,40대,2124
2026-04-15,송파구,22,20대,4951
2026-04-15,동대문구,16,10대,2731
2026-04-15,금천구,00,50대,777
2026-04-15,중구,11,30대,4588
2026-04-15,강서구,06,50대,1051
2026-04-15,강북구,09,30대,"3,654"
2026-04-15,구로구,00,60대이상,901
2026-04-15,중랑구,19,10대,-
2026-04-15,중구,00,50대,1368
2026-04-15,강남구,13,20대,9616
2026-04-15,동대문구,08,50대,-
2026-04-15,강서구,12,10대,"2,617"
2026-04-15,광진구,05,50대,1515
2026-04-15,관악구,02,60대이상,1248
2026-04-15,용산구,08,10대,-
2026-04-15,영등포구,17,50대,6068
2026-04-15,중구,17,60대이상,4543
2026-04-15,양천구,10,40대,4240
2026-04-15,마포구,23,50대,2749
2026-04-15,광진구,05,10대,1538
2026-04-15,도봉구,18,10대,2773
2026-04-15,금천구,03,60대이상,1025
2026-04-15,송파구,08,40대,8831
2026-04-15,종로구,16,10대,4498
2026-04-15,용산구,11,60대이상,4966
2026-04-15,강서구,04,60대이상,376
2026-04-15,강남구,18,40대,11946
2026-04-15,송파구,18,40대,"7,523"
2026-04-15,성북구,18,40대,4560
2026-04-15,종로구,22,60대이상,2428
2026-04-15,양천구,14,40대,6113
2026-04-15,성동구,12,20대,"4,640"
2026-04-15,동작구,04,20대,505
2026-04-15,마포구,02,60대이상,3548
2026-04-15,관악구,10,40대,"6,854"
2026-04-15,용산구,11,20대,3430
2026-04-15,중구,17,10대,3489
2026-04-15,광진구,05,30대,1551
2026-04-15,노원구,12,30대,3747
2026-04-15,송파구,06,60대이상,"4,498"
2026-04-15,금천구,09,20대,4989
2026-04-15,서초구,08,20대,2902
2026-04-15,성북구,08,50대,4943
2026-04-15,강북구,03,10대,623
2026-04-15,강남구,19,60대이상,10481
2026-04-15,용산구,20,60대이상,4427
2026-04-15,강북구,13,10대,3158
2026-04-15,성북구,23,20대,2908
2026-04-15,양천구,17,30대,5926
2026-04-15,성북구,19,50대,4671
2026-04-15,강북구,16,30대,2348
2026-04-15,서초구,03,40대,501
2026-04-15,용산구,16,10대,3755
2026-04-15,강동구,22,60대이상,1929
2026-04-15,광진구,22,50대,1447
2026-04-15,광진구,08,40대,2933
2026-04-15,강북구,16,40대,3360
2026-04-15,강북구,17,10대,2625
2026-04-15,양천구,07,50대,5051
2026-04-15,강북구,08,40대,2893
2026-04-15,마포구,20,10대,5559
2026-04-15,종로구,17,60대이상,4424
2026-04-15,금천구,11,30대,4646
2026-04-15,성동구,16,50대,4555
2026-04-15,강북구,06,60대이상,1784
2026-04-15,중구,14,60대이상,5642
2026-04-15,금천구,15,20대,5435
2026-04-15,용산구,14,10대,4726
2026-04-15,금천구,19,10대,4025
2026-04-15,영등포구,16,10대,4920
2026-04-15,구로구,16,40대,3590
2026-04-15,중랑구,06,50대,2984
2026-04-15,광진구,15,10대,2870
2026-04-15,동작구,22,10대,1150
2026-04-15,구로구,21,40대,2754
2026-04-15,중랑구,10,40대,3749
2026-04-15,구로구,20,20대,3753
2026-04-15,노원구,17,40대,5193
2026-04-15,중랑구,14,30대,"5,628"
2026-04-15,중구,01,30대,"2,109"
2026-04-15,중랑구,00,60대이상,1020
2026-04-15,용산구,00,50대,1163
2026-04-15,마포구,10,40대,
2026-04-15,서초구,14,20대,2021
2026-04-15,성북구,09,30대,4078
2026-04-15,송파구,15,10대,6181
2026-04-15,성북구,10,50대,5429
2026-04-15,양천구,09,60대이상,"5,046"
2026-04-15,관악구,05,60대이상,1218
2026-04-15,양천구,09,10대,5283
2026-04-15,광진구,14,20대,3305
2026-04-15,금천구,10,20대,5309
2026-04-15,서초구,10,50대,2295
2026-04-15,송파구,08,60대이상,"8,563"
2026-04-15,금천구,12,40대,
2026-04-15,강서구,09,30대,-
2026-04-15,용산구,14,50대,3838
2026-04-15,도봉구,08,30대,2692
2026-04-15,송파구,07,20대,7979
2026-04-15,성동구,04,10대,934
2026-04-15,도봉구,20,30대,"2,491"
2026-04-15,마포구,08,40대,4691
2026-04-15,양천구,03,60대이상,1015
2026-04-15,은평구,06,30대,2141
2026-04-15,금천구,14,50대,4871
2026-04-15,동대문구,00,60대이상,602
2026-04-15,동대문구,22,40대,1757
2026-04-15,강남구,14,50대,11467
2026-04-15,종로구,01,30대,1345
2026-04-15,양천구,02,40대,1351
2026-04-15,강남구,10,40대,8273
2026-04-15,동대문구,12,40대,2449
2026-04-15,중랑구,07,10대,5835
2026-04-15,중구,05,50대,1864
2026-04-15,구로구,10,10대,3636
2026-04-15,양천구,06,10대,2648
2026-04-15,중구,18,30대,5335
2026-04-15,동대문구,09,50대,2890
2026-04-15,중랑구,17,60대이상,3842
2026-04-15,강북구,12,60대이상,2866
2026-04-15,강동구,00,10대,684
2026-04-15,노원구,10,20대,4075
2026-04-15,강서구,04,40대,548
2026-04-15,강남구,10,20대,9078
2026-04-15,강서구,15,30대,1774
2026-04-15,영등포구,19,10대,7537
2026-04-15,구로구,21,60대이상,2818
2026-04-15,마포구,12,30대,4646
2026-04-15,구로구,01,30대,1037
2026-04-15,마포구,09,40대,"4,487"
2026-04-15,노원구,13,50대,5425
2026-04-15,성동구,09,40대,"3,853"
2026-04-15,양천구,21,60대이상,2444
2026-04-15,관악구,01,30대,1148
2026-04-15,중구,04,30대,1742
2026-04-15,양천구,03,50대,1356
2026-04-15,마포구,14,20대,6267
2026-04-15,성북구,03,60대이상,981
2026-04-15,종로구,21,20대,3281
2026-04-15,강동구,22,50대,"1,854"
2026-04-15,성동구,05,40대,1014
2026-04-15,서대문구,03,50대,-
2026-04-15,은평구,22,10대,2056
2026-04-15,광진구,22,20대,1684
2026-04-15,도봉구,23,60대이상,1599
2026-04-15,성동구,15,60대이상,5364
2026-04-15,광진구,00,30대,1486
2026-04-15,강동구,17,60대이상,"3,053"
2026-04-15,성동구,05,30대,981
2026-04-15,서초구,01,50대,634
2026-04-15,노원구,01,20대,863
2026-04-15,서대문구,22,30대,2075
2026-04-15,양천구,05,10대,1349
2026-04-15,광진구,07,60대이상,3159
2026-04-15,마포구,07,30대,5871
2026-04-15,중랑구,14,10대,3928
2026-04-15,도봉구,01,50대,486
2026-04-15,관악구,09,50대,6040
2026-04-15,강남구,22,20대,6571
2026-04-15,서대문구,18,10대,2938
2026-04-15,종로구,03,30대,1437
2026-04-15,종로구,11,50대,4216
2026-04-15,마포구,15,60대이상,"6,934"
2026-04-15,중랑구,22,20대,3427
2026-04-15,중구,21,60대이상,2212
2026-04-15,강북구,19,10대,3179
2026-04-15,강남구,05,60대이상,4818
2026-04-15,노원구,06,30대,3151
2026-04-15,서대문구,03,40대,576
2026-04-15,노원구,21,50대,2204
2026-04-15,관악구,11,60대이상,"7,474"
2026-04-15,종로구,03,60대이상,1400
2026-04-15,서대문구,04,10대,726
2026-04-15,금천구,17,60대이상,4230
2026-04-15,양천구,07,60대이상,4029
2026-04-15,서대문구,20,20대,"2,765"
2026-04-15,동작구,20,40대,1631
2026-04-15,성북구,22,40대,2141
2026-04-15,광진구,03,60대이상,"1,657"
2026-04-15,영등포구,09,30대,6656
2026-04-15,용산구,10,60대이상,4918
2026-04-15,송파구,05,20대,1769
2026-04-15,구로구,12,50대,5078
2026-04-15,관악구,22,10대,4181
2026-04-15,중구,15,20대,3654
2026-04-15,성북구,05,30대,922
2026-04-15,용산구,09,50대,-
2026-04-15,마포구,19,30대,6525
2026-04-15,중랑구,18,50대,4572
2026-04-15,강동구,08,20대,3366
2026-04-15,중랑구,15,40대,3676
2026-04-15,강서구,17,40대,"2,337"
2026-04-15,서대문구,08,50대,2233
2026-04-15,금천구,19,30대,5027
2026-04-15,송파구,14,50대,"9,187"
2026-04-15,관악구,16,30대,-
2026-04-15,강서구,23,10대,"1,390"
2026-04-15,금천구,01,40대,1136
2026-04-15,동작구,08,60대이상,2306
2026-04-15,강북구,19,40대,3037
2026-04-15,중랑구,01,10대,1198
2026-04-15,강남구,02,20대,"5,152"
2026-04-15,강북구,13,60대이상,2536
2026-04-15,성동구,18,40대,4178
2026-04-15,동작구,18,10대,"2,213"
2026-04-15,강서구,10,20대,2220
2026-04-15,송파구,13,50대,8047
2026-04-15,강동구,19,30대,2911
2026-04-15,도봉구,12,50대,2162
2026-04-15,송파구,12,60대이상,8943
2026-04-15,금천구,04,30대,"1,130"
2026-04-15,종로구,01,10대,1550
2026-04-15,중랑구,05,40대,1167
2026-04-15,구로구,07,50대,3243
2026-04-15,관악구,17,50대,5600
2026-04-15,강남구,18,60대이상,7994
2026-04-15,강동구,16,10대,3120
2026-04-15,성북구,05,40대,831
2026-04-15,강서구,13,20대,2641
2026-04-15,강동구,12,20대,3015
2026-04-15,서초구,08,10대,2406
2026-04-15,동대문구,07,40대,2458
2026-04-15,금천구,09,30대,"4,740"
2026-04-15,동대문구,04,10대,694000
2026-04-15,서대문구,23,30대,1769
2026-04-15,영등포구,02,60대이상,3068
2026-04-15,용산구,01,40대,1187
2026-04-15,은평구,16,20대,3637
2026-04-15,동작구,19,30대,1795
2026-04-15,중랑구,06,60대이상,
2026-04-15,강서구,10,30대,1923
2026-04-15,영등포구,07,40대,7319
2026-04-15,용산구,16,60대이상,
2026-04-15,송파구,04,30대,1329
2026-04-15,금천구,20,40대,5542
2026-04-15,강북구,06,40대,1440
2026-04-15,은평구,08,60대이상,"4,383"
2026-04-15,광진구,22,10대,"2,264"
2026-04-15,광진구,02,20대,"1,008"
2026-04-15,서대문구,18,30대,"3,069"
2026-04-15,구로구,23,10대,2298
2026-04-15,마포구,16,40대,6790
2026-04-15,서초구,21,60대이상,1430
2026-04-15,강동구,15,30대,2597
2026-04-15,은평구,04,10대,993
2026-04-15,강북구,20,50대,3089
2026-04-15,구로구,14,20대,4735
2026-04-15,강동구,21,30대,2274
2026-04-15,중랑구,01,20대,971
2026-04-15,구로구,15,40대,"3,943"
2026-04-15,강서구,07,20대,2138
2026-04-15,강남구,19,10대,9791
2026-04-15,강남구,13,40대,8282
2026-04-15,은평구,07,50대,3881
2026-04-15,서초구,03,30대,632
2026-04-15,강북구,23,50대,1367
2026-04-15,강서구,08,10대,2681
2026-04-15,강서구,01,10대,544
2026-04-15,양천구,15,10대,5046
2026-04-15,서초구,12,20대,2362
2026-04-15,광진구,02,40대,1020
2026-04-15,마포구,00,60대이상,2840
2026-04-15,노원구,23,50대,2086
2026-04-15,동대문구,14,30대,2538
2026-04-15,서대문구,12,60대이상,2588
2026-04-15,금천구,15,60대이상,3867
2026-04-15,구로구,17,40대,3603
2026-04-15,중구,15,50대,4244
2026-04-15,노원구,00,60대이상,1118
2026-04-15,금천구,19,50대,4469
2026-04-15,서대문구,01,10대,584
2026-04-15,강남구,21,40대,5325
2026-04-15,용산구,03,50대,1145
2026-04-15,마포구,15,20대,6709
2026-04-15,금천구,02,20대,1026
2026-04-15,종로구,08,30대,4289
2026-04-15,노원구,13,60대이상,4525
2026-04-15,동작구,18,60대이상,2561
2026-04-15,강서구,21,30대,"1,114"
2026-04-15,서초구,13,60대이상,2777
2026-04-15,도봉구,22,60대이상,1614
2026-04-15,송파구,09,60대이상,7290
2026-04-15,성북구,04,50대,-
2026-04-15,서초구,15,50대,1849
2026-04-15,구로구,15,20대,
2026-04-15,구로구,08,60대이상,"5,050"
2026-04-15,구로구,22,20대,2233
2026-04-15,중랑구,17,30대,5485
2026-04-15,중랑구,05,60대이상,1075
2026-04-15,은평구,23,40대,1774
2026-04-15,마포구,11,30대,6022
2026-04-15,용산구,22,30대,2222
2026-04-15,용산구,01,10대,754
2026-04-15,성동구,09,50대,3837
2026-04-15,성동구,07,30대,4231
2026-04-15,강동구,04,60대이상,632
2026-04-15,강남구,16,30대,11639
2026-04-15,금천구,12,30대,"3,954"
2026-04-15,관악구,12,20대,
2026-04-15,서초구,15,10대,2252
2026-04-15,은평구,08,50대,4119
2026-04-15,송파구,12,20대,8955
2026-04-15,송파구,05,30대,1634
2026-04-15,강남구,02,50대,5641
2026-04-15,구로구,15,60대이상,3127
2026-04-15,광진구,01,40대,1438
2026-04-15,구로구,23,40대,2947
2026-04-15,광진구,20,50대,2783
2026-04-15,구로구,02,40대,979
2026-04-15,마포구,13,30대,6311
2026-04-15,영등포구,00,60대이상,"2,631"
2026-04-15,중랑구,02,50대,1119
2026-04-15,용산구,01,30대,1074
2026-04-15,관악구,17,50대,5600
2026-04-15,성동구,11,40대,4572
2026-04-15,강북구,07,20대,3728
2026-04-15,용산구,14,20대,
2026-04-15,노원구,03,40대,929
2026-04-15,강서구,02,20대,419
2026-04-15,금천구,22,10대,2047
2026-04-15,광진구,19,50대,3020
2026-04-15,마포구,05,40대,2842
2026-04-15,강남구,05,40대,4082
2026-04-15,구로구,16,10대,3673
2026-04-15,금천구,21,30대,2357
2026-04-15,용산구,05,60대이상,871
2026-04-15,금천구,13,40대,5307
2026-04-15,동작구,06,50대,1088
2026-04-15,용산구,17,10대,3566
2026-04-15,도봉구,14,60대이상,2217
2026-04-15,종로구,16,50대,4293
2026-04-15,강북구,02,30대,751
2026-04-15,서초구,11,10대,1829
2026-04-15,중구,15,10대,3669
2026-04-15,마포구,11,10대,5607
2026-04-15,용산구,04,60대이상,1206
2026-04-15,용산구,06,60대이상,2731
2026-04-15,강동구,06,40대,1421
2026-04-15,강남구,11,10대,10474
2026-04-15,서초구,17,20대,2688
2026-04-15,노원구,19,40대,4327
2026-04-15,강북구,17,30대,2442
2026-04-15,서대문구,06,30대,1804
2026-04-15,종로구,05,40대,1518
2026-04-15,구로구,09,30대,-4051
2026-04-15,도봉구,11,40대,2228
2026-04-15,도봉구,04,40대,637
2026-04-15,강남구,20,60대이상,11045
2026-04-15,성동구,03,50대,966
2026-04-15,강남구,23,30대,4612
2026-04-15,강동구,02,50대,-
2026-04-15,도봉구,02,50대,493
2026-04-15,노원구,15,40대,5031
2026-04-15,도봉구,16,30대,2304
2026-04-15,양천구,11,60대이상,5995
2026-04-15,용산구,15,10대,4563
2026-04-15,서초구,04,60대이상,
2026-04-15,은평구,00,30대,793
2026-04-15,영등포구,12,30대,6310
2026-04-15,영등포구,12,40대,6867
2026-04-15,용산구,16,30대,5340
2026-04-15,동대문구,00,50대,722
2026-04-15,성동구,15,40대,5798
2026-04-15,성동구,22,20대,2669
2026-04-15,금천구,19,40대,4325
2026-04-15,노원구,00,30대,1207
2026-04-15,성북구,13,60대이상,3623
2026-04-15,종로구,02,60대이상,
2026-04-15,노원구,04,60대이상,1049
2026-04-15,강동구,01,60대이상,735
2026-04-15,강북구,12,40대,3475
2026-04-15,금천구,09,60대이상,
2026-04-15,강서구,02,30대,478
2026-04-15,금천구,22,20대,3023
2026-04-15,성북구,01,30대,1043
2026-04-15,관악구,22,40대,3661
2026-04-15,양천구,09,20대,"4,463"
2026-04-15,구로구,21,50대,1936
2026-04-15,동대문구,19,20대,3417
2026-04-15,서초구,05,10대,574
2026-04-15,노원구,15,50대,3917
2026-04-15,성북구,08,30대,5631
2026-04-15,서대문구,08,50대,2233
2026-04-15,관악구,06,40대,4462
2026-04-15,동대문구,11,40대,2335
2026-04-15,성북구,20,40대,"4,985"
2026-04-15,동작구,04,10대,356
2026-04-15,서대문구,11,20대,3046
2026-04-15,관악구,00,30대,1411
2026-04-15,노원구,10,30대,-
2026-04-15,송파구,11,10대,9463
2026-04-15,마포구,17,60대이상,5614
2026-04-15,강동구,23,30대,1766
2026-04-15,중랑구,11,20대,5747
2026-04-15,강서구,19,40대,1722
2026-04-15,중랑구,08,20대,5458
2026-04-15,성동구,15,50대,5163
2026-04-15,강북구,15,60대이상,3242
2026-04-15,용산구,11,10대,5533
2026-04-15,양천구,20,60대이상,5962
2026-04-15,서대문구,11,40대,3337
2026-04-15,강서구,22,50대,1114
2026-04-15,마포구,22,30대,2963
2026-04-15,용산구,00,10대,944
2026-04-15,강서구,10,10대,1849
2026-04-15,강서구,08,60대이상,2687
2026-04-15,금천구,04,40대,758
2026-04-15,금천구,10,50대,4106
2026-04-15,금천구,05,50대,"1,183"
2026-04-15,영등포구,09,60대이상,7668
2026-04-15,서초구,18,20대,2675
2026-04-15,중랑구,02,10대,869
2026-04-15,중구,10,30대,-
2026-04-15,서대문구,09,50대,"2,799"
2026-04-15,서대문구,19,60대이상,2938
2026-04-15,노원구,05,20대,-1084
2026-04-15,종로구,09,60대이상,3396
2026-04-15,금천구,22,40대,3100
2026-04-15,동대문구,19,40대,3526
2026-04-15,송파구,09,50대,7356
2026-04-15,강북구,10,50대,3596
2026-04-15,종로구,16,30대,"5,006"
2026-04-15,서초구,17,50대,"2,035"
2026-04-15,금천구,01,10대,972
2026-04-15,영등포구,10,30대,5306
2026-04-15,중구,19,20대,4288
2026-04-15,성동구,23,60대이상,3360
2026-04-15,서초구,10,40대,1943
2026-04-15,영등포구,23,50대,3802
2026-04-15,중구,13,50대,4863
2026-04-15,도봉구,02,60대이상,609
2026-04-15,용산구,08,30대,4375
2026-04-15,강서구,16,60대이상,2382
2026-04-15,강북구,05,20대,697
2026-04-15,관악구,21,40대,
2026-04-15,노원구,07,40대,3666
2026-04-15,성북구,19,40대,5159
2026-04-15,중랑구,03,40대,
2026-04-15,서대문구,11,20대,3046
2026-04-15,관악구,04,60대이상,1610
2026-04-15,영등포구,23,20대,3555
2026-04-15,강동구,06,20대,1656
2026-04-15,중랑구,05,50대,925
2026-04-15,강남구,22,30대,4890
2026-04-15,강남구,23,60대이상,"5,768"
2026-04-15,관악구,14,20대,7044
2026-04-15,강서구,21,10대,1019
2026-04-15,중랑구,09,10대,3816
2026-04-15,금천구,15,10대,"5,146"
2026-04-15,마포구,03,60대이상,"3,842"
2026-04-15,금천구,02,30대,944
2026-04-15,강북구,11,10대,2529
2026-04-15,종로구,19,40대,
2026-04-15,도봉구,20,20대,2404
2026-04-15,송파구,21,20대,3905
2026-04-15,서대문구,11,30대,"3,171"
2026-04-15,성북구,17,30대,-
2026-04-15,성동구,23,10대,2332
2026-04-15,서초구,23,50대,1392
2026-04-15,구로구,17,10대,4962
2026-04-15,강동구,10,40대,2744
2026-04-15,영등포구,03,10대,2825
2026-04-15,동대문구,02,30대,800000
2026-04-15,서대문구,16,40대,2316
2026-04-15,강남구,16,20대,11322
2026-04-15,마포구,03,20대,3922
2026-04-15,종로구,04,20대,1953
2026-04-15,마포구,07,40대,4525
2026-04-15,양천구,07,20대,4082
2026-04-15,서대문구,17,10대,3327
2026-04-15,서초구,14,30대,1832
2026-04-15,구로구,01,60대이상,941
2026-04-15,영등포구,11,20대,6664
2026-04-15,금천구,10,60대이상,3404
2026-04-15,서초구,01,20대,543
2026-04-15,구로구,08,40대,4508
2026-04-15,용산구,10,10대,"4,523"
2026-04-15,구로구,02,30대,842
2026-04-15,성동구,13,10대,4502
2026-04-15,성북구,07,60대이상,4735
2026-04-15,송파구,16,30대,8727
2026-04-15,마포구,00,10대,2783
2026-04-15,용산구,04,10대,817
2026-04-15,광진구,12,30대,2701
2026-04-15,성북구,14,60대이상,4683
2026-04-15,서대문구,11,10대,3410
2026-04-15,강동구,23,20대,"1,466"
2026-04-15,중랑구,08,30대,3923
2026-04-15,강남구,21,60대이상,5339
2026-04-15,노원구,16,20대,4427
2026-04-15,광진구,13,50대,2405
2026-04-15,서초구,00,40대,411
2026-04-15,중구,00,20대,1406
2026-04-15,도봉구,02,40대,672
2026-04-15,광진구,21,50대,1408
2026-04-15,강동구,03,30대,735
2026-04-15,마포구,16,20대,5026
2026-04-15,서초구,08,40대,2229
2026-04-15,은평구,02,30대,607
2026-04-15,강동구,07,50대,2506
2026-04-15,동작구,22,50대,1080
2026-04-15,노원구,22,60대이상,3263
2026-04-15,서초구,20,60대이상,"2,452"
2026-04-15,용산구,07,50대,3622
2026-04-15,성북구,08,10대,4674
2026-04-15,중랑구,12,60대이상,"5,029"
2026-04-15,동작구,21,40대,1027
2026-04-15,금천구,21,60대이상,2224
2026-04-15,동작구,12,60대이상,1842
2026-04-15,성동구,11,60대이상,5600
2026-04-15,강동구,06,30대,-
2026-04-15,노원구,20,40대,3803
2026-04-15,중구,02,30대,1305
2026-04-15,금천구,21,40대,2927
2026-04-15,성동구,03,60대이상,1187
2026-04-15,구로구,01,40대,1114
2026-04-15,관악구,20,30대,7518
2026-04-15,관악구,17,40대,8313
2026-04-15,노원구,09,10대,4553
2026-04-15,성동구,05,60대이상,896
2026-04-15,서초구,09,20대,2826
2026-04-15,금천구,06,50대,3349
2026-04-15,동대문구,03,20대,761000
2026-04-15,금천구,16,40대,
2026-04-15,동작구,10,10대,2399
2026-04-15,종로구,23,30대,2619
2026-04-15,광진구,23,50대,1466
2026-04-15,송파구,15,30대,8891
2026-04-15,서초구,04,10대,446
2026-04-15,동대문구,05,20대,806
2026-04-15,성동구,07,60대이상,4095
2026-04-15,중구,14,40대,5177
2026-04-15,금천구,01,60대이상,984
2026-04-15,동작구,12,10대,2235
2026-04-15,서초구,06,40대,1164
2026-04-15,용산구,10,30대,-
2026-04-15,동작구,07,50대,1752
2026-04-15,중구,07,50대,"4,326"
2026-04-15,중구,23,40대,2732
2026-04-15,강북구,18,30대,"2,649"
2026-04-15,서초구,01,30대,495
2026-04-15,동작구,21,30대,1341
2026-04-15,강남구,21,20대,6341
2026-04-15,마포구,06,10대,4004
2026-04-15,강서구,10,40대,2026
2026-04-15,영등포구,11,10대,6248
2026-04-15,성동구,09,30대,4952
2026-04-15,광진구,01,50대,1133
2026-04-15,서대문구,23,40대,1471
2026-04-15,서대문구,00,60대이상,518
2026-04-15,영등포구,23,60대이상,3280
2026-04-15,관악구,18,40대,7982
2026-04-15,성북구,03,50대,845
2026-04-15,중랑구,00,30대,844
2026-04-15,강동구,02,10대,749
2026-04-15,중구,16,50대,5122
2026-04-15,강동구,20,30대,2822
2026-04-15,중구,04,10대,1694
2026-04-15,송파구,02,60대이상,1534
2026-04-15,광진구,18,30대,2437
2026-04-15,동대문구,07,20대,2857
2026-04-15,양천구,01,10대,-
2026-04-15,성북구,14,20대,3618
2026-04-15,마포구,00,20대,"4,025"
2026-04-15,광진구,17,20대,3555
2026-04-15,동대문구,23,60대이상,1386
2026-04-15,마포구,02,10대,3820
2026-04-15,관악구,02,60대이상,1248
2026-04-15,양천구,11,10대,5501
2026-04-15,동대문구,04,20대,652000
2026-04-15,성동구,02,20대,957
2026-04-15,마포구,11,20대,"5,200"
2026-04-15,동대문구,03,10대,655000
2026-04-15,영등포구,12,40대,6867
2026-04-15,은평구,02,20대,814
2026-04-15,관악구,04,50대,1678
2026-04-15,금천구,11,60대이상,"3,783"
2026-04-15,중구,02,20대,1622
2026-04-15,중랑구,18,30대,5786
2026-04-15,양천구,04,50대,1146
2026-04-15,강남구,14,30대,9377
2026-04-15,동대문구,14,50대,"3,282"
2026-04-15,강북구,23,60대이상,2046
2026-04-15,동대문구,02,20대,"547,000"
2026-04-15,은평구,17,10대,4492
2026-04-15,중구,09,20대,3884
2026-04-15,양천구,12,50대,6081
2026-04-15,강북구,04,30대,729
2026-04-15,마포구,22,50대,4093
2026-04-15,강남구,07,50대,11204
2026-04-15,금천구,12,10대,3431
2026-04-15,중구,06,60대이상,3071
2026-04-15,영등포구,18,20대,5264
2026-04-15,용산구,06,10대,"2,677"
2026-04-15,서대문구,23,20대,1329
2026-04-15,동작구,16,20대,1935
2026-04-15,금천구,12,20대,3562
2026-04-15,양천구,10,10대,4894
2026-04-15,용산구,08,20대,5429
2026-04-15,광진구,06,30대,1503
2026-04-15,관악구,20,10대,6314
2026-04-15,동작구,22,30대,1438
2026-04-15,강서구,20,10대,2742
2026-04-15,성북구,17,20대,4793
2026-04-15,광진구,19,30대,2918
2026-04-15,마포구,07,60대이상,4888
2026-04-15,동작구,14,50대,2281
2026-04-15,종로구,17,30대,5429
2026-04-15,서대문구,19,20대,2232
2026-04-15,서초구,11,20대,"2,247"
2026-04-15,송파구,17,40대,6045
2026-04-15,은평구,06,10대,-
2026-04-15,노원구,19,50대,4021
2026-04-15,은평구,00,40대,980
2026-04-15,서초구,05,60대이상,416
2026-04-15,양천구,13,20대,4580
2026-04-15,서초구,22,20대,1399
2026-04-15,양천구,14,60대이상,5979
2026-04-15,광진구,12,10대,3648
2026-04-15,도봉구,09,60대이상,2567
2026-04-15,금천구,08,20대,4616
2026-04-15,서초구,21,20대,1547
2026-04-15,마포구,13,20대,"6,792"
2026-04-15,광진구,17,30대,"2,919"
2026-04-15,금천구,17,50대,4615
2026-04-15,관악구,08,40대,7779
2026-04-15,서초구,01,60대이상,563
2026-04-15,중랑구,21,30대,"3,044"
2026-04-15,관악구,00,50대,1199
2026-04-15,중구,13,40대,"4,688"
2026-04-15,양천구,23,10대,-
2026-04-15,중랑구,14,60대이상,5132
2026-04-15,서대문구,04,20대,692
2026-04-15,마포구,22,10대,3914
2026-04-15,마포구,22,20대,2983
2026-04-15,동대문구,22,10대,1600
2026-04-15,동작구,05,20대,492
2026-04-15,영등포구,15,10대,7628
2026-04-15,서대문구,18,50대,3221
2026-04-15,도봉구,18,30대,2812
2026-04-15,영등포구,13,40대,4827
2026-04-15,용산구,18,30대,4925
2026-04-15,은평구,15,20대,"3,270"
2026-04-15,금천구,20,30대,3504
2026-04-15,금천구,09,10대,5017
2026-04-15,강남구,15,10대,"10,080"
2026-04-15,송파구,15,20대,8179
2026-04-15,구로구,10,40대,3742
2026-04-15,용산구,23,30대,2114
2026-04-15,동작구,09,20대,2221
2026-04-15,강남구,20,30대,7645
2026-04-15,강서구,08,20대,2298
2026-04-15,중구,09,30대,3712
2026-04-15,송파구,10,50대,6783
2026-04-15,강북구,14,60대이상,3693
2026-04-15,강남구,05,50대,4340
2026-04-15,노원구,23,30대,2025
2026-04-15,중구,01,10대,1361
2026-04-15,동작구,22,60대이상,
2026-04-15,중구,17,20대,3921
2026-04-15,노원구,09,50대,5017
2026-04-15,종로구,01,20대,1604
2026-04-15,강동구,20,60대이상,
2026-04-15,은평구,03,60대이상,773
2026-04-15,도봉구,15,10대,"2,016"
2026-04-15,강북구,06,20대,1728
2026-04-15,서초구,09,10대,-
2026-04-15,동대문구,13,50대,3382
2026-04-15,강북구,23,30대,2033
2026-04-15,강남구,05,30대,5193
2026-04-15,중랑구,19,60대이상,3878
2026-04-15,강동구,14,10대,2373
2026-04-15,도봉구,04,20대,620
2026-04-15,마포구,15,10대,4572
2026-04-15,은평구,02,40대,897
2026-04-15,서초구,16,60대이상,2906
2026-04-15,강남구,15,40대,9316
2026-04-15,성동구,05,10대,960
2026-04-15,구로구,05,20대,979
2026-04-15,강북구,08,50대,2392
2026-04-15,종로구,05,20대,1716
2026-04-15,중구,04,50대,1562
2026-04-15,강서구,03,40대,508
2026-04-15,관악구,20,40대,"8,064"
2026-04-15,서대문구,14,40대,2863
2026-04-15,서대문구,23,60대이상,1431
2026-04-15,영등포구,06,20대,"2,959"
2026-04-15,광진구,21,20대,"2,099"
2026-04-15,용산구,23,10대,2190
2026-04-15,마포구,13,60대이상,5258
2026-04-15,광진구,05,20대,1301
2026-04-15,금천구,02,40대,744
2026-04-15,성북구,14,40대,3464
2026-04-15,관악구,20,20대,5443
2026-04-15,성동구,20,20대,3700
2026-04-15,강서구,11,40대,1935
2026-04-15,서대문구,09,30대,3176
2026-04-15,성북구,11,30대,"5,104"
2026-04-15,서대문구,22,60대이상,2065
2026-04-15,강동구,03,60대이상,613
2026-04-15,관악구,05,40대,1316
2026-04-15,광진구,09,40대,2748
2026-04-15,강서구,08,30대,2723
2026-04-15,강서구,00,40대,427
2026-04-15,서대문구,07,10대,2782
2026-04-15,광진구,15,50대,2414
2026-04-15,성동구,00,20대,897
2026-04-15,송파구,12,40대,
2026-04-15,동대문구,11,10대,3371
2026-04-15,은평구,01,60대이상,957
2026-04-15,종로구,23,60대이상,3267
2026-04-15,송파구,08,30대,6660
2026-04-15,동작구,14,30대,2220
2026-04-15,강동구,05,40대,696
2026-04-15,강북구,00,40대,556
2026-04-15,노원구,15,30대,4138
2026-04-15,강북구,18,60대이상,2718
2026-04-15,종로구,04,10대,1356
2026-04-15,동작구,13,60대이상,2535
2026-04-15,양천구,09,40대,5633
2026-04-15,양천구,15,40대,3919
2026-04-15,강남구,07,60대이상,10853
2026-04-15,은평구,07,30대,3342
2026-04-15,강북구,10,60대이상,3656
2026-04-15,송파구,17,20대,8006
2026-04-15,마포구,22,60대이상,2660
2026-04-15,동작구,05,40대,570
2026-04-15,강동구,14,60대이상,2579
2026-04-15,강서구,03,50대,508
2026-04-15,용산구,06,20대,2561
2026-04-15,마포구,18,60대이상,6582
2026-04-15,강남구,21,50대,"4,884"
2026-04-15,용산구,16,20대,4697
2026-04-15,동작구,03,40대,548
2026-04-15,광진구,12,60대이상,"2,973"
2026-04-15,서초구,13,30대,2066
2026-04-15,서초구,11,30대,2849
2026-04-15,종로구,13,40대,4215
2026-04-15,동작구,06,60대이상,
2026-04-15,종로구,17,50대,3635
2026-04-15,노원구,14,20대,"3,930"
2026-04-15,성동구,06,10대,2412
2026-04-15,동작구,18,50대,2126
2026-04-15,강북구,03,60대이상,648
2026-04-15,은평구,22,20대,2317
2026-04-15,동대문구,04,30대,664000
2026-04-15,노원구,14,20대,"3,930"
2026-04-15,강북구,15,40대,"3,034"
2026-04-15,노원구,17,10대,5033
2026-04-15,동대문구,01,10대,625
2026-04-15,금천구,20,20대,4814
2026-04-15,중구,10,20대,5634
2026-04-15,강동구,04,50대,-
2026-04-15,용산구,15,10대,4563
2026-04-15,동작구,04,30대,359
2026-04-15,관악구,07,10대,8163
2026-04-15,동작구,15,50대,1688
2026-04-15,송파구,09,30대,-7804
2026-04-15,양천구,02,10대,-
2026-04-15,강남구,04,40대,4782
2026-04-15,관악구,13,40대,6706
2026-04-15,영등포구,00,10대,3284
2026-04-15,도봉구,08,60대이상,3013
2026-04-15,서대문구,20,40대,2834
2026-04-15,용산구,06,30대,"2,163"
2026-04-15,영등포구,16,60대이상,4761
2026-04-15,동작구,01,30대,470
2026-04-15,서초구,02,20대,562
2026-04-15,강서구,05,20대,390
2026-04-15,중구,17,40대,4633
2026-04-15,강동구,00,30대,594
2026-04-15,도봉구,04,50대,547
2026-04-15,도봉구,21,60대이상,1269
2026-04-15,도봉구,11,10대,2369
2026-04-15,강북구,19,50대,2455
2026-04-15,은평구,09,50대,3002
2026-04-15,성북구,17,40대,5498
2026-04-15,중랑구,21,50대,"2,699"
2026-04-15,서대문구,18,40대,2245
2026-04-15,서초구,05,30대,430
2026-04-15,구로구,09,50대,4513
2026-04-15,은평구,18,20대,
2026-04-15,광진구,10,10대,3333
2026-04-15,금천구,13,20대,3827
2026-04-15,동작구,13,10대,-
2026-04-15,중랑구,16,30대,3912
2026-04-15,도봉구,01,60대이상,635
2026-04-15,광진구,16,60대이상,2727
2026-04-15,광진구,04,50대,1091
2026-04-15,용산구,07,10대,3448
2026-04-15,금천구,02,40대,744
2026-04-15,중구,11,50대,5034
2026-04-15,성동구,12,20대,"4,640"
2026-04-15,관악구,14,50대,7794
2026-04-15,마포구,19,10대,6095
2026-04-15,종로구,05,20대,1716
2026-04-15,서대문구,00,40대,526
2026-04-15,노원구,02,60대이상,827
2026-04-15,용산구,02,50대,1169
2026-04-15,마포구,21,30대,"3,146"
2026-04-15,서초구,10,60대이상,"1,970"
2026-04-15,종로구,05,10대,"1,974"
2026-04-15,노원구,05,30대,931
2026-04-15,금천구,16,50대,3831
2026-04-15,은평구,09,10대,2945
2026-04-15,도봉구,07,60대이상,2259
2026-04-15,구로구,02,50대,977
2026-04-15,노원구,08,50대,3508
2026-04-15,종로구,18,60대이상,"5,027"
2026-04-15,중구,23,20대,3023
2026-04-15,마포구,01,10대,"3,181"
2026-04-15,구로구,20,50대,3349
2026-04-15,광진구,19,10대,2425
2026-04-15,은평구,18,10대,4022
2026-04-15,서대문구,21,20대,1497
2026-04-15,노원구,22,10대,2240
2026-04-15,성북구,16,20대,3514
2026-04-15,송파구,22,10대,-
2026-04-15,동대문구,04,20대,652000
2026-04-15,관악구,01,40대,1733
2026-04-15,용산구,23,20대,2923
2026-04-15,동대문구,21,20대,1432
2026-04-15,서대문구,04,10대,726
2026-04-15,동대문구,00,40대,706
2026-04-15,관악구,06,20대,4477
2026-04-15,강서구,23,20대,1412
2026-04-15,노원구,01,40대,855
2026-04-15,강남구,08,10대,11414
2026-04-15,강남구,15,20대,"10,371"
2026-04-15,강북구,06,10대,1360
2026-04-15,용산구,15,50대,4753
2026-04-15,영등포구,18,60대이상,6475
2026-04-15,은평구,09,20대,3084
2026-04-15,광진구,11,40대,2767
2026-04-15,광진구,13,40대,3061
2026-04-15,중랑구,21,60대이상,"2,621"
2026-04-15,노원구,07,10대,5319
2026-04-15,강북구,14,50대,2679
2026-04-15,도봉구,12,40대,2209
2026-04-15,중랑구,23,60대이상,2942
2026-04-15,노원구,18,30대,3641
2026-04-15,노원구,11,40대,4566
2026-04-15,노원구,23,10대,3115
2026-04-15,강북구,13,50대,3207
2026-04-15,광진구,10,20대,3029
2026-04-15,성동구,02,50대,1247
2026-04-15,관악구,19,30대,5469
2026-04-15,용산구,12,50대,5253
2026-04-15,동대문구,01,50대,652
2026-04-15,은평구,10,30대,3220
2026-04-15,동작구,10,20대,2499
2026-04-15,서대문구,07,40대,2165
2026-04-15,동대문구,13,30대,3299
2026-04-15,중랑구,22,40대,-2509
2026-04-15,관악구,03,60대이상,1325
2026-04-15,강동구,00,60대이상,
2026-04-15,서초구,03,60대이상,412
2026-04-15,도봉구,21,40대,1408
2026-04-15,동작구,08,50대,2317
2026-04-15,강북구,03,30대,662
2026-04-15,도봉구,07,10대,2999
2026-04-15,영등포구,17,30대,4797
2026-04-15,노원구,15,60대이상,3872
2026-04-15,금천구,07,30대,5178
2026-04-15,성동구,23,40대,2589
2026-04-15,송파구,08,20대,"6,352"
2026-04-15,은평구,10,60대이상,3368
2026-04-15,동작구,23,50대,980
2026-04-15,관악구,23,30대,4063
2026-04-15,서대문구,22,20대,1417
2026-04-15,마포구,23,20대,"3,253"
2026-04-15,영등포구,04,60대이상,3476
2026-04-15,종로구,18,40대,3827
2026-04-15,은평구,01,40대,760
2026-04-15,성동구,08,60대이상,4088
2026-04-15,동대문구,10,20대,"3,417"
2026-04-15,서대문구,22,50대,1363
2026-04-15,서초구,06,60대이상,1184
2026-04-15,광진구,05,60대이상,1299
2026-04-15,은평구,21,50대,1723
2026-04-15,구로구,12,30대,"4,528"
2026-04-15,강서구,16,40대,"1,878"
2026-04-15,노원구,00,20대,1050
2026-04-15,중구,05,30대,1392
2026-04-15,구로구,19,20대,3337
2026-04-15,중랑구,21,20대,2583
2026-04-15,마포구,09,20대,5639
2026-04-15,구로구,12,60대이상,4924
2026-04-15,성북구,06,30대,3254
2026-04-15,성북구,14,30대,5534
2026-04-15,강동구,22,30대,1455
2026-04-15,금천구,00,30대,1126
2026-04-15,강동구,07,30대,"2,894"
2026-04-15,성동구,20,30대,4575
2026-04-15,금천구,20,60대이상,4115
2026-04-15,양천구,17,40대,"3,926"
2026-04-15,서초구,16,30대,1863
2026-04-15,강동구,17,20대,3153
2026-04-15,동대문구,20,20대,3200
2026-04-15,중랑구,12,40대,4467
2026-04-15,노원구,06,20대,2373
2026-04-15,도봉구,17,60대이상,2340
2026-04-15,중구,07,50대,"4,326"
2026-04-15,양천구,01,30대,1081
2026-04-15,동작구,07,40대,2577
2026-04-15,노원구,11,20대,
2026-04-15,강동구,16,20대,3672
2026-04-15,금천구,01,20대,942
2026-04-15,중구,19,40대,3854
2026-04-15,강서구,16,30대,2426
2026-04-15,서초구,07,30대,1815
2026-04-15,강북구,07,30대,3287
2026-04-15,양천구,20,10대,"5,926"
2026-04-15,동대문구,02,50대,745000
2026-04-15,강동구,20,20대,3339
2026-04-15,구로구,05,40대,752
2026-04-15,구로구,04,10대,990
2026-04-15,중구,22,60대이상,3314
2026-04-15,관악구,13,20대,7862
2026-04-15,노원구,19,10대,3943
2026-04-15,마포구,15,30대,4524
2026-04-15,은평구,22,40대,1792
2026-04-15,구로구,17,30대,5161
2026-04-15,관악구,06,50대,4257
2026-04-15,영등포구,16,40대,4815
2026-04-15,구로구,16,20대,4150
2026-04-15,금천구,02,50대,781
2026-04-15,구로구,12,40대,
2026-04-15,중구,16,10대,3857
2026-04-15,서초구,19,40대,2095
2026-04-15,성북구,07,10대,5423
2026-04-15,서대문구,20,40대,2834
2026-04-15,광진구,00,20대,1409
2026-04-15,영등포구,22,60대이상,3908
2026-04-15,영등포구,21,10대,4376
2026-04-15,강북구,05,30대,542
2026-04-15,서초구,00,50대,-634
2026-04-15,송파구,05,60대이상,1524
2026-04-15,도봉구,11,30대,2744
2026-04-15,동대문구,16,50대,"3,259"
2026-04-15,중랑구,09,50대,4681
2026-04-15,노원구,18,40대,4047
2026-04-15,서초구,11,60대이상,2038
2026-04-15,용산구,16,40대,3785
2026-04-15,금천구,00,50대,777
2026-04-15,동대문구,01,40대,789
2026-04-15,송파구,17,10대,9316
2026-04-15,금천구,14,60대이상,
2026-04-15,송파구,10,30대,-6122
2026-04-15,양천구,21,20대,2665
2026-04-15,동작구,03,60대이상,468
2026-04-15,영등포구,06,10대,2889
2026-04-15,도봉구,21,10대,"1,654"
2026-04-15,강북구,11,40대,2584
2026-04-15,강남구,04,40대,4782
2026-04-15,광진구,09,50대,3660
2026-04-15,서초구,03,10대,524
2026-04-15,영등포구,14,60대이상,6072
2026-04-15,종로구,13,10대,4665
2026-04-15,강남구,14,50대,11467
2026-04-15,성북구,22,50대,2687
2026-04-15,동작구,09,10대,2384
2026-04-15,강남구,12,10대,7451
2026-04-15,용산구,04,40대,863
2026-04-15,용산구,03,20대,1109
2026-04-15,성동구,21,40대,"2,745"
2026-04-15,강남구,08,40대,7800
2026-04-15,강서구,07,50대,2777
2026-04-15,마포구,13,10대,5510
2026-04-15,영등포구,13,30대,7730
2026-04-15,성북구,21,60대이상,2901
2026-04-15,송파구,00,60대이상,1516
2026-04-15,종로구,07,20대,4392
2026-04-15,성북구,23,60대이상,3066
2026-04-15,노원구,08,40대,4044
2026-04-15,종로구,21,60대이상,2491
2026-04-15,양천구,18,50대,5862
2026-04-15,강남구,20,20대,8945
2026-04-15,강서구,20,20대,1698
2026-04-15,중랑구,14,50대,-
2026-04-15,은평구,21,20대,2600
2026-04-15,성북구,15,10대,4422
2026-04-15,송파구,14,20대,7976
2026-04-15,동대문구,22,20대,"1,777"
2026-04-15,영등포구,01,50대,2507
2026-04-15,강북구,01,30대,515
2026-04-15,영등포구,12,50대,7442
2026-04-15,양천구,16,10대,5992
2026-04-15,서대문구,16,60대이상,2271
2026-04-15,동작구,06,40대,1314
2026-04-15,서대문구,18,20대,
2026-04-15,은평구,13,60대이상,2862
2026-04-15,구로구,14,50대,4473
2026-04-15,관악구,15,20대,8250
2026-04-15,금천구,10,50대,4106
2026-04-15,송파구,00,20대,1349
2026-04-15,강서구,17,50대,"2,061"
2026-04-15,서초구,20,10대,2209
2026-04-15,종로구,14,40대,3707
2026-04-15,서초구,12,10대,"2,748"
2026-04-15,금천구,23,50대,"3,251"
2026-04-15,구로구,08,20대,3437
2026-04-15,성북구,05,50대,1151
2026-04-15,중구,21,30대,"3,224"
2026-04-15,서대문구,17,50대,2863
2026-04-15,양천구,09,50대,5316
2026-04-15,강북구,22,20대,
2026-04-15,마포구,07,10대,-
2026-04-15,도봉구,01,40대,631
2026-04-15,성동구,22,30대,3213
2026-04-15,강동구,10,30대,2542
2026-04-15,동대문구,15,40대,2999
2026-04-15,동작구,19,50대,1952
2026-04-15,강북구,15,20대,3045
2026-04-15,광진구,21,40대,1929
2026-04-15,중랑구,19,30대,5767
2026-04-15,강남구,15,10대,"10,080"
2026-04-15,서대문구,05,10대,698
2026-04-15,노원구,01,10대,1185
2026-04-15,금천구,06,40대,3178
2026-04-15,서대문구,09,60대이상,2891
2026-04-15,강서구,15,10대,2566
2026-04-15,광진구,06,60대이상,1910
2026-04-15,금천구,10,10대,"5,562"
2026-04-15,영등포구,02,40대,3368
2026-04-15,성북구,01,30대,1043
2026-04-15,도봉구,07,10대,2999
2026-04-15,영등포구,19,20대,7513
2026-04-15,중구,23,30대,2065
2026-04-15,용산구,21,60대이상,2264
2026-04-15,구로구,15,50대,"4,687"
2026-04-15,성북구,01,10대,945
2026-04-15,강서구,00,20대,463
2026-04-15,강서구,17,10대,1788
2026-04-15,성북구,12,40대,4634
2026-04-15,동작구,15,10대,1894
2026-04-15,도봉구,16,60대이상,2254
2026-04-15,서초구,23,10대,1618
2026-04-15,강동구,13,40대,
2026-04-15,송파구,13,10대,8917
2026-04-15,용산구,08,60대이상,4253
2026-04-15,동대문구,16,30대,"3,093"
2026-04-15,마포구,16,30대,5404
2026-04-15,노원구,09,60대이상,4816
2026-04-15,강서구,02,60대이상,413
2026-04-15,송파구,14,30대,9190
2026-04-15,송파구,22,50대,5727
2026-04-15,마포구,03,10대,"3,560"
2026-04-15,은평구,16,40대,3929
2026-04-15,마포구,14,50대,6207
2026-04-15,영등포구,08,50대,5641
2026-04-15,구로구,11,10대,-
2026-04-15,구로구,01,10대,944
2026-04-15,영등포구,02,10대,3182
2026-04-15,영등포구,02,20대,2555
2026-04-15,은평구,20,60대이상,"3,118"
2026-04-15,마포구,02,20대,3887
2026-04-15,양천구,01,50대,1343
2026-04-15,구로구,22,60대이상,"2,371"
2026-04-15,강남구,10,10대,9629
2026-04-15,양천구,22,10대,2500
2026-04-15,강북구,04,20대,652
2026-04-15,동대문구,08,20대,3420
2026-04-15,서초구,21,30대,-
2026-04-15,중구,22,30대,2164
2026-04-15,중랑구,08,50대,-
2026-04-15,동대문구,06,20대,1717
2026-04-15,양천구,20,30대,4125
2026-04-15,양천구,22,40대,3360
2026-04-15,동대문구,06,30대,"2,216"
2026-04-15,금천구,04,10대,"1,198"
2026-04-15,구로구,04,60대이상,712
2026-04-15,강남구,18,30대,11483
2026-04-15,종로구,11,60대이상,"3,518"
2026-04-15,양천구,10,60대이상,4375
2026-04-15,마포구,06,20대,2912
2026-04-15,중랑구,15,50대,4862
2026-04-15,송파구,00,30대,2081
2026-04-15,서초구,19,50대,2557
2026-04-15,양천구,08,30대,4108
2026-04-15,강남구,03,40대,5660
2026-04-15,종로구,13,30대,3656
2026-04-15,중랑구,15,10대,5427
2026-04-15,서대문구,19,50대,"2,488"
2026-04-15,중구,22,10대,2374
2026-04-15,마포구,07,50대,5373
2026-04-15,서초구,19,30대,1939
2026-04-15,강서구,14,20대,2320
2026-04-15,중구,07,10대,4185
2026-04-15,광진구,20,40대,3503
2026-04-15,영등포구,20,30대,"5,591"
2026-04-15,양천구,02,30대,900
2026-04-15,관악구,21,10대,"4,406"
2026-04-15,서초구,18,10대,2826
2026-04-15,종로구,08,40대,4210
2026-04-15,관악구,17,10대,6350
2026-04-15,노원구,11,10대,3400
2026-04-15,강북구,14,30대,2894
2026-04-15,강서구,20,30대,2144
2026-04-15,광진구,02,30대,1175
2026-04-15,성동구,21,20대,2668
2026-04-15,종로구,16,60대이상,5375
2026-04-15,서초구,07,50대,2256
2026-04-15,성동구,14,60대이상,4325
2026-04-15,강동구,01,20대,805
2026-04-15,중랑구,07,20대,5990
2026-04-15,은평구,05,60대이상,620
2026-04-15,성동구,08,50대,4767
2026-04-15,서대문구,10,10대,2770
2026-04-15,금천구,21,50대,2560
2026-04-15,구로구,07,20대,4440
2026-04-15,광진구,10,30대,3438
2026-04-15,노원구,02,30대,809
2026-04-15,서초구,00,30대,481
2026-04-15,용산구,05,40대,806
2026-04-15,마포구,15,40대,"5,168"
2026-04-15,구로구,22,40대,2328
2026-04-15,서대문구,04,60대이상,521
2026-04-15,강북구,11,30대,3673
2026-04-15,서초구,11,50대,2715
2026-04-15,성북구,04,50대,-
2026-04-15,금천구,04,50대,766
2026-04-15,금천구,19,60대이상,3470
2026-04-15,마포구,23,60대이상,2866
2026-04-15,용산구,23,50대,2534
2026-04-15,관악구,07,40대,6776
2026-04-15,강서구,16,20대,2712
2026-04-15,노원구,11,50대,-
2026-04-15,강남구,06,60대이상,6946
2026-04-15,양천구,19,20대,5668
2026-04-15,서대문구,02,20대,539
2026-04-15,강서구,09,40대,2144
2026-04-15,동작구,10,50대,1681
2026-04-15,관악구,07,50대,6046
2026-04-15,서대문구,06,10대,1927
2026-04-15,양천구,19,30대,5211
2026-04-15,구로구,23,60대이상,2537
2026-04-15,도봉구,02,10대,447
2026-04-15,성북구,01,20대,1034
2026-04-15,종로구,12,10대,3819
2026-04-15,은평구,11,30대,3121
2026-04-15,은평구,03,30대,741
2026-04-15,성북구,05,10대,988
2026-04-15,구로구,14,10대,4393
2026-04-15,관악구,19,50대,8038
2026-04-15,마포구,00,50대,3221
2026-04-15,광진구,04,30대,-
2026-04-15,송파구,13,60대이상,"6,258"
2026-04-15,양천구,13,30대,4054
2026-04-15,강북구,12,50대,2986
2026-04-15,마포구,16,50대,6886
2026-04-15,강남구,11,60대이상,9318
2026-04-15,종로구,04,40대,2170
2026-04-15,노원구,01,50대,1057
2026-04-15,서초구,23,40대,1270
2026-04-15,중랑구,05,30대,845
2026-04-15,은평구,03,10대,625
2026-04-15,강동구,01,10대,618
2026-04-15,노원구,03,30대,1123
2026-04-15,송파구,19,40대,7223
2026-04-15,양천구,22,30대,"3,478"
2026-04-15,중구,22,50대,3375
2026-04-15,도봉구,00,30대,433
2026-04-15,은평구,14,10대,4464
2026-04-15,동작구,13,40대,2284
2026-04-15,도봉구,06,40대,1769
2026-04-15,서초구,09,60대이상,2248
2026-04-15,서초구,23,20대,1711
2026-04-15,영등포구,17,40대,5903
2026-04-15,은평구,12,40대,3548
2026-04-15,성동구,12,60대이상,5860
2026-04-15,성북구,12,10대,5296
2026-04-15,은평구,08,40대,4512
2026-04-15,양천구,00,10대,1152
2026-04-15,종로구,06,50대,2192
2026-04-15,서초구,20,50대,2826
2026-04-15,성북구,08,40대,5693
2026-04-15,서대문구,20,60대이상,3156
2026-04-15,동작구,07,20대,2489
